ID,System,t,X,Y,X1,Y1,dX,dY,dX1,dY1,U1,U2,U3
2284940812608956169!,rebel-mauve-beetle,0.000000,-2.109967,-0.053881,-1.789396,0.893344,0.000000,0.000000,0.000000,0.000000,0.505382,1.642635,-1.805912
2284940812608956169!,rebel-mauve-beetle,0.010000,-2.109707,-0.035603,-1.781493,0.909001,0.060726,3.654337,1.592961,3.121943,0.230699,0.693442,-0.813709
2284940812608956169!,rebel-mauve-beetle,0.020000,-2.107490,0.008528,-1.761678,0.946831,0.391798,5.168577,2.383403,4.434570,0.114560,0.294194,-0.394586
2284940812608956169!,rebel-mauve-beetle,0.030000,-2.101442,0.063237,-1.735560,0.993898,0.823202,5.767549,2.847202,4.971829,0.064261,0.127006,-0.214150
2284940812608956169!,rebel-mauve-beetle,0.040000,-2.091021,0.121946,-1.705497,1.044644,1.261292,5.968333,3.167783,5.171757,0.041416,0.056817,-0.133286
2284940812608956169!,rebel-mauve-beetle,0.050000,-2.076352,0.181766,-1.672554,1.096614,1.668637,5.990781,3.420804,5.217403,0.030007,0.026719,-0.093837
2284940812608956169!,rebel-mauve-beetle,0.060000,-2.057808,0.241380,-1.637256,1.148649,2.033120,5.928779,3.637651,5.185020,0.023389,0.013078,-0.071676
2284940812608956169!,rebel-mauve-beetle,0.070000,-2.035834,0.300146,-1.599905,1.200127,2.352291,5.823173,3.830871,5.106985,0.018832,0.006210,-0.056896
2284940812608956169!,rebel-mauve-beetle,0.080000,-2.010884,0.357719,-1.560718,1.250663,2.627045,5.692640,4.005043,4.997941,0.015224,0.002190,-0.045458
2284940812608956169!,rebel-mauve-beetle,0.090000,-1.983403,0.413895,-1.519884,1.299982,2.859367,5.546599,4.161497,4.865445,0.012112,-0.000562,-0.035732
2284940812608956169!,rebel-mauve-beetle,0.100000,-1.953816,0.468548,-1.477584,1.347867,3.051595,5.390544,4.300361,4.714223,0.009317,-0.002676,-0.027063
2284940812608956169!,rebel-mauve-beetle,0.110000,-1.922526,0.521595,-1.434001,1.394145,3.206201,5.228229,4.421438,4.547839,0.006768,-0.004407,-0.019193
2284940812608956169!,rebel-mauve-beetle,0.120000,-1.889906,0.572993,-1.389318,1.438678,3.325754,5.062568,4.524577,4.369342,0.004436,-0.005864,-0.012018
2284940812608956169!,rebel-mauve-beetle,0.130000,-1.856295,0.622724,-1.343713,1.481362,3.412872,4.895983,4.609799,4.181454,0.002310,-0.007099,-0.005492
2284940812608956169!,rebel-mauve-beetle,0.140000,-1.821995,0.670796,-1.297359,1.522123,3.470236,4.730549,4.677340,3.986663,0.000380,-0.008146,0.000414
2284940812608956169!,rebel-mauve-beetle,0.150000,-1.787278,0.717235,-1.250424,1.560910,3.500582,4.568052,4.727634,3.787243,-0.001359,-0.009037,0.005731
2284940812608956169!,rebel-mauve-beetle,0.160000,-1.752386,0.762080,-1.203069,1.597694,3.506688,4.410003,4.761279,3.585259,-0.002920,-0.009802,0.010492
2284940812608956169!,rebel-mauve-beetle,0.170000,-1.717535,0.805381,-1.155452,1.632461,3.491335,4.257648,4.778991,3.382558,-0.004313,-0.010472,0.014740
2284940812608956169!,rebel-mauve-beetle,0.180000,-1.682920,0.847199,-1.107726,1.665216,3.457263,4.111967,4.781571,3.180770,-0.005551,-0.011078,0.018519
2284940812608956169!,rebel-mauve-beetle,0.190000,-1.648710,0.887604,-1.060035,1.695974,3.407123,3.973692,4.769864,2.981309,-0.006650,-0.011649,0.021877
2284940812608956169!,rebel-mauve-beetle,0.200000,-1.615051,0.926671,-1.012517,1.724764,3.343441,3.843314,4.744736,2.785381,-0.007623,-0.012211,0.024864
2284940812608956169!,rebel-mauve-beetle,0.210000,-1.582067,0.964478,-0.965302,1.751626,3.268582,3.721104,4.707047,2.594003,-0.008486,-0.012785,0.027525
2284940812608956169!,rebel-mauve-beetle,0.220000,-1.549859,1.001107,-0.918512,1.776608,3.184726,3.607140,4.657642,2.408017,-0.009251,-0.013390,0.029905
2284940812608956169!,rebel-mauve-beetle,0.230000,-1.518509,1.036639,-0.872261,1.799767,3.093857,3.501324,4.597340,2.228112,-0.009932,-0.014037,0.032041
2284940812608956169!,rebel-mauve-beetle,0.240000,-1.488081,1.071154,-0.826655,1.821165,2.997753,3.403411,4.526933,2.054846,-0.010539,-0.014733,0.033968
2284940812608956169!,rebel-mauve-beetle,0.250000,-1.458620,1.104728,-0.781792,1.840870,2.897983,3.313035,4.447186,1.888660,-0.011081,-0.015479,0.035713
2284940812608956169!,rebel-mauve-beetle,0.260000,-1.430159,1.137433,-0.737764,1.858952,2.795916,3.229732,4.358840,1.729897,-0.011565,-0.016273,0.037295
2284940812608956169!,rebel-mauve-beetle,0.270000,-1.402718,1.169339,-0.694655,1.875488,2.692725,3.152967,4.262622,1.578816,-0.011997,-0.017107,0.038731
2284940812608956169!,rebel-mauve-beetle,0.280000,-1.376308,1.200507,-0.652542,1.890553,2.589414,3.082151,4.159249,1.435603,-0.012380,-0.017968,0.040029
2284940812608956169!,rebel-mauve-beetle,0.290000,-1.350926,1.230994,-0.611495,1.904225,2.486792,3.016679,4.049438,1.300376,-0.012718,-0.018842,0.041192
2284940812608956169!,rebel-mauve-beetle,0.300000,-1.326569,1.260849,-0.571578,1.916585,2.385549,2.955922,3.933906,1.173199,-0.013010,-0.019712,0.042222
2284940812608956169!,rebel-mauve-beetle,0.310000,-1.303223,1.290118,-0.532850,1.927711,2.286226,2.899268,3.813381,1.054079,-0.013258,-0.020558,0.043115
2284940812608956169!,rebel-mauve-beetle,0.320000,-1.280872,1.318837,-0.495360,1.937684,2.189245,2.846126,3.688598,0.942974,-0.013460,-0.021362,0.043866
2284940812608956169!,rebel-mauve-beetle,0.330000,-1.259496,1.347038,-0.459153,1.946581,2.094932,2.795944,3.560302,0.839793,-0.013616,-0.022103,0.044467
2284940812608956169!,rebel-mauve-beetle,0.340000,-1.239071,1.374746,-0.424267,1.954481,2.003529,2.748210,3.429246,0.744399,-0.013725,-0.022763,0.044913
2284940812608956169!,rebel-mauve-beetle,0.350000,-1.219575,1.401981,-0.390731,1.961461,1.915208,2.702464,3.296182,0.656614,-0.013785,-0.023326,0.045198
2284940812608956169!,rebel-mauve-beetle,0.360000,-1.200985,1.428759,-0.358573,1.967594,1.830089,2.658303,3.161863,0.576216,-0.013797,-0.023777,0.045317
2284940812608956169!,rebel-mauve-beetle,0.370000,-1.183275,1.455090,-0.327811,1.972952,1.748248,2.615379,3.027025,0.502948,-0.013759,-0.024106,0.045269
2284940812608956169!,rebel-mauve-beetle,0.380000,-1.166424,1.480982,-0.298458,1.977605,1.669729,2.573400,2.892388,0.436516,-0.013674,-0.024304,0.045054
2284940812608956169!,rebel-mauve-beetle,0.390000,-1.150410,1.506437,-0.270523,1.981620,1.594549,2.532131,2.758644,0.376599,-0.013542,-0.024366,0.044674
2284940812608956169!,rebel-mauve-beetle,0.400000,-1.135151,1.531471,-0.243944,1.985067,1.522600,2.491386,2.626367,0.322753,-0.013369,-0.024304,0.044152
2284940812608956169!,rebel-mauve-beetle,0.410000,-1.120586,1.556095,-0.218671,1.988010,1.453783,2.451013,2.496059,0.274554,-0.013161,-0.024126,0.043503
2284940812608956169!,rebel-mauve-beetle,0.420000,-1.106682,1.580315,-0.194680,1.990502,1.388030,2.410892,2.368192,0.231620,-0.012921,-0.023837,0.042738
2284940812608956169!,rebel-mauve-beetle,0.430000,-1.093408,1.604132,-0.171944,1.992595,1.325268,2.370937,2.243184,0.193568,-0.012651,-0.023442,0.041866
2284940812608956169!,rebel-mauve-beetle,0.440000,-1.080737,1.627548,-0.150432,1.994335,1.265421,2.331095,2.121400,0.160016,-0.012357,-0.022948,0.040900
2284940812608956169!,rebel-mauve-beetle,0.450000,-1.068639,1.650565,-0.130110,1.995763,1.208409,2.291338,2.003148,0.130591,-0.012040,-0.022366,0.039854
2284940812608956169!,rebel-mauve-beetle,0.460000,-1.057087,1.673183,-0.110940,1.996921,1.154146,2.251654,1.888679,0.104927,-0.011707,-0.021707,0.038742
2284940812608956169!,rebel-mauve-beetle,0.470000,-1.046053,1.695404,-0.092884,1.997842,1.102542,2.212048,1.778187,0.082672,-0.011359,-0.020982,0.037578
2284940812608956169!,rebel-mauve-beetle,0.480000,-1.035505,1.717232,-0.075894,1.998560,1.053495,2.172531,1.671801,0.063485,-0.011004,-0.020204,0.036378
2284940812608956169!,rebel-mauve-beetle,0.490000,-1.025419,1.738668,-0.059928,1.999102,1.006908,2.133123,1.569610,0.047053,-0.010642,-0.019385,0.035154
2284940812608956169!,rebel-mauve-beetle,0.500000,-1.015771,1.759713,-0.044945,1.999495,0.962680,2.093851,1.471665,0.033080,-0.010278,-0.018532,0.033915
2284940812608956169!,rebel-mauve-beetle,0.510000,-1.006540,1.780369,-0.030904,1.999761,0.920714,2.054744,1.377977,0.021295,-0.009914,-0.017656,0.032672
2284940812608956169!,rebel-mauve-beetle,0.520000,-0.997705,1.800639,-0.017763,1.999921,0.880910,2.015835,1.288525,0.011444,-0.009553,-0.016765,0.031434
2284940812608956169!,rebel-mauve-beetle,0.530000,-0.989244,1.820524,-0.005481,1.999992,0.843168,1.977157,1.203261,0.003297,-0.009196,-0.015867,0.030208
2284940812608956169!,rebel-mauve-beetle,0.540000,-0.981140,1.840026,0.005983,1.999991,0.807391,1.938742,1.122111,-0.003357,-0.008845,-0.014968,0.029001
2284940812608956169!,rebel-mauve-beetle,0.550000,-0.973372,1.859149,0.016668,1.999931,0.773480,1.900621,1.044982,-0.008709,-0.008502,-0.014075,0.027818
2284940812608956169!,rebel-mauve-beetle,0.560000,-0.965925,1.877896,0.026614,1.999823,0.741339,1.862825,0.971764,-0.012932,-0.008169,-0.013191,0.026664
2284940812608956169!,rebel-mauve-beetle,0.570000,-0.958781,1.896269,0.035858,1.999679,0.710876,1.825380,0.902336,-0.016181,-0.007845,-0.012323,0.025541
2284940812608956169!,rebel-mauve-beetle,0.580000,-0.951924,1.914274,0.044437,1.999506,0.681999,1.788314,0.836568,-0.018592,-0.007531,-0.011472,0.024453
2284940812608956169!,rebel-mauve-beetle,0.590000,-0.945340,1.931913,0.052386,1.999314,0.654620,1.751648,0.774322,-0.020289,-0.007229,-0.010642,0.023402
2284940812608956169!,rebel-mauve-beetle,0.600000,-0.939015,1.949191,0.059739,1.999108,0.628655,1.715405,0.715458,-0.021380,-0.006938,-0.009835,0.022387
2284940812608956169!,rebel-mauve-beetle,0.610000,-0.932934,1.966112,0.066528,1.998893,0.604022,1.679604,0.659832,-0.021961,-0.006658,-0.009052,0.021411
2284940812608956169!,rebel-mauve-beetle,0.620000,-0.927087,1.982680,0.072785,1.998675,0.580645,1.644262,0.607303,-0.022116,-0.006389,-0.008294,0.020473
2284940812608956169!,rebel-mauve-beetle,0.630000,-0.921461,1.998901,0.078539,1.998457,0.558451,1.609393,0.557727,-0.021919,-0.006132,-0.007561,0.019572
2284940812608956169!,rebel-mauve-beetle,0.640000,-0.916045,2.014778,0.083819,1.998243,0.537368,1.575011,0.510967,-0.021433,-0.005885,-0.006856,0.018709
2284940812608956169!,rebel-mauve-beetle,0.650000,-0.910828,2.030317,0.088651,1.998034,0.517332,1.541127,0.466885,-0.020715,-0.005649,-0.006176,0.017882
2284940812608956169!,rebel-mauve-beetle,0.660000,-0.905801,2.045524,0.093061,1.997834,0.498281,1.507750,0.425349,-0.019813,-0.005423,-0.005523,0.017091
2284940812608956169!,rebel-mauve-beetle,0.670000,-0.900954,2.060401,0.097074,1.997643,0.480156,1.474888,0.386231,-0.018769,-0.005208,-0.004895,0.016334
2284940812608956169!,rebel-mauve-beetle,0.680000,-0.896280,2.074956,0.100713,1.997463,0.462902,1.442548,0.349407,-0.017617,-0.005002,-0.004293,0.015610
2284940812608956169!,rebel-mauve-beetle,0.690000,-0.891769,2.089194,0.103999,1.997294,0.446468,1.410735,0.314759,-0.016389,-0.004805,-0.003716,0.014919
2284940812608956169!,rebel-mauve-beetle,0.700000,-0.887414,2.103118,0.106954,1.997138,0.430805,1.379451,0.282172,-0.015111,-0.004617,-0.003162,0.014257
2284940812608956169!,rebel-mauve-beetle,0.710000,-0.883209,2.116735,0.109597,1.996995,0.415869,1.348700,0.251540,-0.013805,-0.004437,-0.002632,0.013625
2284940812608956169!,rebel-mauve-beetle,0.720000,-0.879145,2.130050,0.111946,1.996865,0.401616,1.318483,0.222757,-0.012488,-0.004265,-0.002125,0.013021
2284940812608956169!,rebel-mauve-beetle,0.730000,-0.875217,2.143068,0.114020,1.996747,0.388009,1.288800,0.195726,-0.011177,-0.004101,-0.001639,0.012444
2284940812608956169!,rebel-mauve-beetle,0.740000,-0.871419,2.155795,0.115835,1.996643,0.375009,1.259651,0.170352,-0.009883,-0.003944,-0.001174,0.011892
2284940812608956169!,rebel-mauve-beetle,0.750000,-0.867745,2.168234,0.117408,1.996551,0.362583,1.231033,0.146548,-0.008618,-0.003794,-0.000730,0.011364
2284940812608956169!,rebel-mauve-beetle,0.760000,-0.864189,2.180393,0.118752,1.996471,0.350699,1.202946,0.124228,-0.007389,-0.003651,-0.000304,0.010859
2284940812608956169!,rebel-mauve-beetle,0.770000,-0.860748,2.192276,0.119882,1.996404,0.339325,1.175386,0.103314,-0.006204,-0.003513,0.000103,0.010376
2284940812608956169!,rebel-mauve-beetle,0.780000,-0.857416,2.203887,0.120811,1.996348,0.328436,1.148349,0.083728,-0.005067,-0.003382,0.000492,0.009913
2284940812608956169!,rebel-mauve-beetle,0.790000,-0.854188,2.215233,0.121553,1.996303,0.318004,1.121833,0.065401,-0.003982,-0.003256,0.000865,0.009470
2284940812608956169!,rebel-mauve-beetle,0.800000,-0.851061,2.226317,0.122118,1.996268,0.308005,1.095832,0.048264,-0.002952,-0.003135,0.001221,0.009045
2284940812608956169!,rebel-mauve-beetle,0.810000,-0.848030,2.237146,0.122519,1.996244,0.298417,1.070342,0.032253,-0.001980,-0.003019,0.001563,0.008638
2284940812608956169!,rebel-mauve-beetle,0.820000,-0.845093,2.247723,0.122766,1.996229,0.289218,1.045358,0.017309,-0.001064,-0.002908,0.001889,0.008247
2284940812608956169!,rebel-mauve-beetle,0.830000,-0.842244,2.258054,0.122869,1.996222,0.280389,1.020875,0.003373,-0.000208,-0.002801,0.002202,0.007873
2284940812608956169!,rebel-mauve-beetle,0.840000,-0.839482,2.268142,0.122838,1.996224,0.271911,0.996887,-0.009608,0.000591,-0.002699,0.002501,0.007513
2284940812608956169!,rebel-mauve-beetle,0.850000,-0.836804,2.277993,0.122681,1.996234,0.263767,0.973389,-0.021684,0.001333,-0.002600,0.002788,0.007167
2284940812608956169!,rebel-mauve-beetle,0.860000,-0.834205,2.287611,0.122408,1.996251,0.255943,0.950375,-0.032903,0.002018,-0.002505,0.003062,0.006834
2284940812608956169!,rebel-mauve-beetle,0.870000,-0.831685,2.297000,0.122026,1.996274,0.248422,0.927841,-0.043312,0.002648,-0.002414,0.003326,0.006514
2284940812608956169!,rebel-mauve-beetle,0.880000,-0.829240,2.306163,0.121542,1.996303,0.241192,0.905781,-0.052952,0.003224,-0.002326,0.003578,0.006206
2284940812608956169!,rebel-mauve-beetle,0.890000,-0.826868,2.315106,0.120965,1.996339,0.234238,0.884191,-0.061865,0.003749,-0.002241,0.003820,0.005909
2284940812608956169!,rebel-mauve-beetle,0.900000,-0.824568,2.323831,0.120300,1.996379,0.227551,0.863064,-0.070088,0.004223,-0.002159,0.004053,0.005623
2284940812608956169!,rebel-mauve-beetle,0.910000,-0.822337,2.332342,0.119554,1.996423,0.221117,0.842398,-0.077659,0.004651,-0.002080,0.004276,0.005347
2284940812608956169!,rebel-mauve-beetle,0.920000,-0.820173,2.340642,0.118734,1.996472,0.214928,0.822189,-0.084612,0.005032,-0.002004,0.004491,0.005080
2284940812608956169!,rebel-mauve-beetle,0.930000,-0.818077,2.348734,0.117845,1.996525,0.208975,0.802435,-0.090979,0.005370,-0.001930,0.004698,0.004822
2284940812608956169!,rebel-mauve-beetle,0.940000,-0.816046,2.356620,0.116892,1.996581,0.203248,0.783134,-0.096792,0.005667,-0.001858,0.004898,0.004572
2284940812608956169!,rebel-mauve-beetle,0.950000,-0.814071,2.364315,0.115884,1.996640,0.197739,0.764252,-0.102079,0.005925,-0.001790,0.005083,0.004335
2284940812608956169!,rebel-mauve-beetle,0.960000,-0.812151,2.371820,0.114825,1.996701,0.192429,0.745781,-0.106879,0.006146,-0.001724,0.005262,0.004108
2284940812608956169!,rebel-mauve-beetle,0.970000,-0.810287,2.379137,0.113721,1.996764,0.187308,0.727724,-0.111218,0.006334,-0.001661,0.005434,0.003886
2284940812608956169!,rebel-mauve-beetle,0.980000,-0.808480,2.386265,0.112574,1.996829,0.182372,0.710087,-0.115119,0.006490,-0.001598,0.005602,0.003670
2284940812608956169!,rebel-mauve-beetle,0.990000,-0.806729,2.393205,0.111388,1.996896,0.177620,0.692874,-0.118606,0.006616,-0.001538,0.005765,0.003459
2284940812608956169!,rebel-mauve-beetle,1.000000,-0.805023,2.399976,0.110171,1.996963,0.173045,0.676033,-0.121695,0.006714,-0.001481,0.005914,0.003263
2284940812608956169!,rebel-mauve-beetle,1.010000,-0.803360,2.406583,0.108927,1.997032,0.168626,0.659550,-0.124418,0.006786,-0.001426,0.006055,0.003075
2284940812608956169!,rebel-mauve-beetle,1.020000,-0.801739,2.413028,0.107659,1.997100,0.164353,0.643419,-0.126798,0.006835,-0.001373,0.006191,0.002892
2284940812608956169!,rebel-mauve-beetle,1.030000,-0.800158,2.419314,0.106370,1.997169,0.160221,0.627631,-0.128853,0.006863,-0.001322,0.006322,0.002716
2284940812608956169!,rebel-mauve-beetle,1.040000,-0.798616,2.425446,0.105064,1.997238,0.156225,0.612180,-0.130601,0.006870,-0.001272,0.006447,0.002546
2284940812608956169!,rebel-mauve-beetle,1.050000,-0.797112,2.431427,0.103744,1.997308,0.152357,0.597060,-0.132059,0.006859,-0.001224,0.006567,0.002381
2284940812608956169!,rebel-mauve-beetle,1.060000,-0.795644,2.437259,0.102411,1.997376,0.148615,0.582264,-0.133242,0.006832,-0.001178,0.006682,0.002221
2284940812608956169!,rebel-mauve-beetle,1.070000,-0.794212,2.442946,0.101070,1.997445,0.144993,0.567786,-0.134166,0.006789,-0.001132,0.006793,0.002066
2284940812608956169!,rebel-mauve-beetle,1.080000,-0.792814,2.448491,0.099721,1.997512,0.141486,0.553618,-0.134844,0.006732,-0.001089,0.006899,0.001917
2284940812608956169!,rebel-mauve-beetle,1.090000,-0.791449,2.453897,0.098368,1.997579,0.138090,0.539756,-0.135292,0.006662,-0.001046,0.007001,0.001772
2284940812608956169!,rebel-mauve-beetle,1.100000,-0.790116,2.459168,0.097013,1.997646,0.134802,0.526191,-0.135521,0.006581,-0.001005,0.007099,0.001632
2284940812608956169!,rebel-mauve-beetle,1.110000,-0.788814,2.464305,0.095658,1.997711,0.131616,0.512919,-0.135545,0.006490,-0.000965,0.007193,0.001496
2284940812608956169!,rebel-mauve-beetle,1.120000,-0.787543,2.469312,0.094304,1.997775,0.128531,0.499933,-0.135374,0.006390,-0.000926,0.007284,0.001364
2284940812608956169!,rebel-mauve-beetle,1.130000,-0.786300,2.474192,0.092954,1.997839,0.125541,0.487227,-0.135020,0.006282,-0.000889,0.007370,0.001237
2284940812608956169!,rebel-mauve-beetle,1.140000,-0.785086,2.478948,0.091609,1.997901,0.122644,0.474795,-0.134494,0.006167,-0.000852,0.007453,0.001113
2284940812608956169!,rebel-mauve-beetle,1.150000,-0.783900,2.483581,0.090271,1.997962,0.119836,0.462631,-0.133806,0.006046,-0.000817,0.007533,0.000993
2284940812608956169!,rebel-mauve-beetle,1.160000,-0.782740,2.488095,0.088941,1.998021,0.117115,0.450731,-0.132966,0.005919,-0.000783,0.007610,0.000877
2284940812608956169!,rebel-mauve-beetle,1.170000,-0.781606,2.492493,0.087621,1.998080,0.114477,0.439087,-0.131982,0.005788,-0.000750,0.007684,0.000765
2284940812608956169!,rebel-mauve-beetle,1.180000,-0.780497,2.496776,0.086312,1.998137,0.111919,0.427695,-0.130864,0.005653,-0.000717,0.007754,0.000656
2284940812608956169!,rebel-mauve-beetle,1.190000,-0.779412,2.500948,0.085016,1.998192,0.109440,0.416549,-0.129620,0.005515,-0.000686,0.007822,0.000551
2284940812608956169!,rebel-mauve-beetle,1.200000,-0.778351,2.505010,0.083734,1.998246,0.107035,0.405645,-0.128258,0.005374,-0.000656,0.007887,0.000449
2284940812608956169!,rebel-mauve-beetle,1.210000,-0.777313,2.508966,0.082466,1.998299,0.104703,0.394976,-0.126785,0.005232,-0.000626,0.007949,0.000350
2284940812608956169!,rebel-mauve-beetle,1.220000,-0.776297,2.512817,0.081214,1.998350,0.102441,0.384538,-0.125210,0.005089,-0.000598,0.008009,0.000254
2284940812608956169!,rebel-mauve-beetle,1.230000,-0.775302,2.516565,0.079978,1.998400,0.100248,0.374325,-0.123539,0.004944,-0.000570,0.008067,0.000161
2284940812608956169!,rebel-mauve-beetle,1.240000,-0.774329,2.520214,0.078760,1.998449,0.098120,0.364334,-0.121778,0.004799,-0.000543,0.008122,0.000071
2284940812608956169!,rebel-mauve-beetle,1.250000,-0.773375,2.523764,0.077561,1.998496,0.096055,0.354558,-0.119934,0.004655,-0.000517,0.008174,-0.000016
2284940812608956169!,rebel-mauve-beetle,1.260000,-0.772442,2.527219,0.076381,1.998541,0.094053,0.344995,-0.118014,0.004510,-0.000492,0.008225,-0.000100
2284940812608956169!,rebel-mauve-beetle,1.270000,-0.771527,2.530580,0.075221,1.998585,0.092109,0.335638,-0.116022,0.004367,-0.000467,0.008273,-0.000182
2284940812608956169!,rebel-mauve-beetle,1.280000,-0.770631,2.533849,0.074081,1.998628,0.090224,0.326484,-0.113965,0.004224,-0.000444,0.008319,-0.000260
2284940812608956169!,rebel-mauve-beetle,1.290000,-0.769753,2.537028,0.072962,1.998669,0.088394,0.317528,-0.111847,0.004083,-0.000421,0.008364,-0.000337
2284940812608956169!,rebel-mauve-beetle,1.300000,-0.768892,2.540120,0.071866,1.998708,0.086618,0.308766,-0.109674,0.003943,-0.000399,0.008406,-0.000410
2284940812608956169!,rebel-mauve-beetle,1.310000,-0.768048,2.543125,0.070791,1.998747,0.084895,0.300194,-0.107452,0.003806,-0.000377,0.008447,-0.000482
2284940812608956169!,rebel-mauve-beetle,1.320000,-0.767221,2.546047,0.069739,1.998784,0.083222,0.291808,-0.105183,0.003670,-0.000356,0.008486,-0.000550
2284940812608956169!,rebel-mauve-beetle,1.330000,-0.766410,2.548887,0.068710,1.998819,0.081598,0.283604,-0.102873,0.003536,-0.000336,0.008523,-0.000617
2284940812608956169!,rebel-mauve-beetle,1.340000,-0.765614,2.551646,0.067705,1.998854,0.080022,0.275578,-0.100527,0.003405,-0.000317,0.008558,-0.000681
2284940812608956169!,rebel-mauve-beetle,1.350000,-0.764833,2.554326,0.066724,1.998887,0.078492,0.267726,-0.098147,0.003276,-0.000298,0.008592,-0.000743
2284940812608956169!,rebel-mauve-beetle,1.360000,-0.764067,2.556930,0.065766,1.998918,0.077006,0.260044,-0.095739,0.003150,-0.000280,0.008624,-0.000803
2284940812608956169!,rebel-mauve-beetle,1.370000,-0.763315,2.559458,0.064833,1.998949,0.075564,0.252530,-0.093306,0.003026,-0.000262,0.008655,-0.000860
2284940812608956169!,rebel-mauve-beetle,1.380000,-0.762577,2.561912,0.063925,1.998978,0.074163,0.245179,-0.090851,0.002905,-0.000245,0.008684,-0.000916
2284940812608956169!,rebel-mauve-beetle,1.390000,-0.761853,2.564295,0.063041,1.999006,0.072803,0.237989,-0.088378,0.002787,-0.000229,0.008712,-0.000970
2284940812608956169!,rebel-mauve-beetle,1.400000,-0.761141,2.566607,0.062182,1.999033,0.071482,0.230955,-0.085890,0.002672,-0.000213,0.008739,-0.001021
2284940812608956169!,rebel-mauve-beetle,1.410000,-0.760442,2.568850,0.061348,1.999059,0.070198,0.224075,-0.083390,0.002559,-0.000198,0.008764,-0.001071
2284940812608956169!,rebel-mauve-beetle,1.420000,-0.759755,2.571025,0.060539,1.999084,0.068952,0.217345,-0.080882,0.002449,-0.000184,0.008788,-0.001118
2284940812608956169!,rebel-mauve-beetle,1.430000,-0.759080,2.573137,0.059754,1.999107,0.067741,0.210756,-0.078364,0.002342,-0.000170,0.008811,-0.001164
2284940812608956169!,rebel-mauve-beetle,1.440000,-0.758416,2.575185,0.058995,1.999130,0.066564,0.204307,-0.075840,0.002238,-0.000156,0.008832,-0.001208
2284940812608956169!,rebel-mauve-beetle,1.450000,-0.757763,2.577172,0.058259,1.999151,0.065420,0.197994,-0.073314,0.002137,-0.000143,0.008853,-0.001250
2284940812608956169!,rebel-mauve-beetle,1.460000,-0.757120,2.579098,0.057549,1.999172,0.064308,0.191817,-0.070787,0.002038,-0.000131,0.008872,-0.001290
2284940812608956169!,rebel-mauve-beetle,1.470000,-0.756488,2.580964,0.056863,1.999191,0.063227,0.185772,-0.068263,0.001942,-0.000119,0.008891,-0.001329
2284940812608956169!,rebel-mauve-beetle,1.480000,-0.755866,2.582772,0.056202,1.999210,0.062176,0.179859,-0.065745,0.001848,-0.000107,0.008908,-0.001366
2284940812608956169!,rebel-mauve-beetle,1.490000,-0.755255,2.584522,0.055566,1.999228,0.061154,0.174074,-0.063234,0.001758,-0.000097,0.008924,-0.001402
2284940812608956169!,rebel-mauve-beetle,1.500000,-0.754652,2.586217,0.054955,1.999245,0.060160,0.168416,-0.060733,0.001669,-0.000086,0.008940,-0.001436
2284940812608956169!,rebel-mauve-beetle,1.510000,-0.754060,2.587857,0.054368,1.999261,0.059193,0.162883,-0.058244,0.001584,-0.000076,0.008954,-0.001468
2284940812608956169!,rebel-mauve-beetle,1.520000,-0.753476,2.589443,0.053805,1.999276,0.058253,0.157472,-0.055770,0.001501,-0.000067,0.008968,-0.001499
2284940812608956169!,rebel-mauve-beetle,1.530000,-0.752902,2.590976,0.053267,1.999291,0.057339,0.152182,-0.053312,0.001420,-0.000057,0.008980,-0.001528
2284940812608956169!,rebel-mauve-beetle,1.540000,-0.752336,2.592458,0.052753,1.999304,0.056449,0.147010,-0.050873,0.001342,-0.000049,0.008992,-0.001556
2284940812608956169!,rebel-mauve-beetle,1.550000,-0.751779,2.593889,0.052263,1.999317,0.055583,0.141955,-0.048453,0.001267,-0.000041,0.009003,-0.001582
2284940812608956169!,rebel-mauve-beetle,1.560000,-0.751230,2.595271,0.051797,1.999329,0.054740,0.137015,-0.046056,0.001193,-0.000033,0.009014,-0.001607
2284940812608956169!,rebel-mauve-beetle,1.570000,-0.750690,2.596605,0.051355,1.999341,0.053919,0.132188,-0.043682,0.001122,-0.000025,0.009023,-0.001631
2284940812608956169!,rebel-mauve-beetle,1.580000,-0.750157,2.597891,0.050936,1.999351,0.053120,0.127471,-0.041334,0.001053,-0.000018,0.009032,-0.001653
2284940812608956169!,rebel-mauve-beetle,1.590000,-0.749632,2.599131,0.050540,1.999361,0.052342,0.122864,-0.039012,0.000986,-0.000012,0.009040,-0.001674
2284940812608956169!,rebel-mauve-beetle,1.600000,-0.749115,2.600326,0.050167,1.999371,0.051583,0.118364,-0.036719,0.000921,-0.000006,0.009048,-0.001694
2284940812608956169!,rebel-mauve-beetle,1.610000,-0.748605,2.601477,0.049817,1.999379,0.050844,0.113970,-0.034454,0.000858,0.000000,0.009055,-0.001712
2284940812608956169!,rebel-mauve-beetle,1.620000,-0.748103,2.602585,0.049489,1.999388,0.050124,0.109680,-0.032221,0.000798,0.000006,0.009061,-0.001729
2284940812608956169!,rebel-mauve-beetle,1.630000,-0.747607,2.603652,0.049183,1.999395,0.049421,0.105488,-0.030017,0.000738,0.000011,0.009066,-0.001745
2284940812608956169!,rebel-mauve-beetle,1.640000,-0.747118,2.604678,0.048898,1.999402,0.048736,0.101394,-0.027844,0.000681,0.000015,0.009071,-0.001760
2284940812608956169!,rebel-mauve-beetle,1.650000,-0.746635,2.605664,0.048635,1.999409,0.048067,0.097395,-0.025704,0.000625,0.000020,0.009076,-0.001774
2284940812608956169!,rebel-mauve-beetle,1.660000,-0.746159,2.606613,0.048392,1.999414,0.047413,0.093492,-0.023597,0.000571,0.000024,0.009080,-0.001787
2284940812608956169!,rebel-mauve-beetle,1.670000,-0.745689,2.607523,0.048169,1.999420,0.046776,0.089682,-0.021524,0.000519,0.000027,0.009083,-0.001798
2284940812608956169!,rebel-mauve-beetle,1.680000,-0.745225,2.608396,0.047967,1.999425,0.046152,0.085964,-0.019487,0.000468,0.000031,0.009086,-0.001809
2284940812608956169!,rebel-mauve-beetle,1.690000,-0.744768,2.609234,0.047784,1.999429,0.045543,0.082336,-0.017486,0.000418,0.000034,0.009088,-0.001818
2284940812608956169!,rebel-mauve-beetle,1.700000,-0.744316,2.610036,0.047621,1.999433,0.044948,0.078798,-0.015522,0.000370,0.000037,0.009090,-0.001827
2284940812608956169!,rebel-mauve-beetle,1.710000,-0.743870,2.610804,0.047477,1.999436,0.044365,0.075347,-0.013596,0.000323,0.000039,0.009092,-0.001834
2284940812608956169!,rebel-mauve-beetle,1.720000,-0.743429,2.611539,0.047352,1.999439,0.043795,0.071984,-0.011709,0.000277,0.000041,0.009093,-0.001841
2284940812608956169!,rebel-mauve-beetle,1.730000,-0.742995,2.612240,0.047245,1.999442,0.043237,0.068706,-0.009861,0.000233,0.000043,0.009094,-0.001846
2284940812608956169!,rebel-mauve-beetle,1.740000,-0.742565,2.612910,0.047156,1.999444,0.042690,0.065512,-0.008053,0.000190,0.000045,0.009094,-0.001851
2284940812608956169!,rebel-mauve-beetle,1.750000,-0.742141,2.613549,0.047085,1.999446,0.042155,0.062401,-0.006285,0.000148,0.000046,0.009094,-0.001855
2284940812608956169!,rebel-mauve-beetle,1.760000,-0.741722,2.614157,0.047031,1.999447,0.041630,0.059372,-0.004558,0.000107,0.000047,0.009093,-0.001858
2284940812608956169!,rebel-mauve-beetle,1.770000,-0.741309,2.614735,0.046994,1.999448,0.041115,0.056423,-0.002872,0.000068,0.000048,0.009093,-0.001860
2284940812608956169!,rebel-mauve-beetle,1.780000,-0.740900,2.615285,0.046974,1.999448,0.040609,0.053554,-0.001228,0.000029,0.000048,0.009091,-0.001862
2284940812608956169!,rebel-mauve-beetle,1.790000,-0.740497,2.615806,0.046970,1.999448,0.040113,0.050763,0.000373,-0.000009,0.000049,0.009090,-0.001862
2284940812608956169!,rebel-mauve-beetle,1.800000,-0.740098,2.616300,0.046981,1.999448,0.039626,0.048050,0.001933,-0.000045,0.000049,0.009088,-0.001862
2284940812608956169!,rebel-mauve-beetle,1.810000,-0.739704,2.616767,0.047008,1.999447,0.039147,0.045412,0.003449,-0.000081,0.000048,0.009086,-0.001861
2284940812608956169!,rebel-mauve-beetle,1.820000,-0.739315,2.617208,0.047050,1.999446,0.038676,0.042851,0.004922,-0.000116,0.000048,0.009084,-0.001860
2284940812608956169!,rebel-mauve-beetle,1.830000,-0.738931,2.617624,0.047107,1.999445,0.038213,0.040363,0.006351,-0.000150,0.000047,0.009081,-0.001858
2284940812608956169!,rebel-mauve-beetle,1.840000,-0.738551,2.618014,0.047178,1.999443,0.037757,0.037949,0.007738,-0.000183,0.000047,0.009079,-0.001855
2284940812608956169!,rebel-mauve-beetle,1.850000,-0.738176,2.618381,0.047263,1.999441,0.037308,0.035607,0.009080,-0.000215,0.000046,0.009076,-0.001851
2284940812608956169!,rebel-mauve-beetle,1.860000,-0.737805,2.618724,0.047361,1.999439,0.036866,0.033336,0.010379,-0.000246,0.000044,0.009072,-0.001847
2284940812608956169!,rebel-mauve-beetle,1.870000,-0.737439,2.619044,0.047472,1.999437,0.036431,0.031135,0.011634,-0.000276,0.000043,0.009069,-0.001842
2284940812608956169!,rebel-mauve-beetle,1.880000,-0.737078,2.619343,0.047596,1.999434,0.036001,0.029003,0.012847,-0.000306,0.000042,0.009065,-0.001837
2284940812608956169!,rebel-mauve-beetle,1.890000,-0.736720,2.619620,0.047732,1.999430,0.035576,0.026936,0.014017,-0.000335,0.000040,0.009062,-0.001831
2284940812608956169!,rebel-mauve-beetle,1.900000,-0.736367,2.619878,0.047878,1.999427,0.035157,0.024933,0.015145,-0.000363,0.000038,0.009058,-0.001825
2284940812608956169!,rebel-mauve-beetle,1.910000,-0.736018,2.620116,0.048036,1.999423,0.034743,0.022994,0.016231,-0.000390,0.000036,0.009054,-0.001818
2284940812608956169!,rebel-mauve-beetle,1.920000,-0.735673,2.620335,0.048204,1.999419,0.034333,0.021117,0.017276,-0.000417,0.000034,0.009050,-0.001811
2284940812608956169!,rebel-mauve-beetle,1.930000,-0.735332,2.620537,0.048382,1.999415,0.033927,0.019301,0.018279,-0.000442,0.000032,0.009045,-0.001804
2284940812608956169!,rebel-mauve-beetle,1.940000,-0.734994,2.620720,0.048570,1.999410,0.033526,0.017547,0.019242,-0.000467,0.000029,0.009041,-0.001796
2284940812608956169!,rebel-mauve-beetle,1.950000,-0.734661,2.620887,0.048768,1.999405,0.033128,0.015851,0.020163,-0.000492,0.000027,0.009036,-0.001787
2284940812608956169!,rebel-mauve-beetle,1.960000,-0.734332,2.621037,0.048974,1.999400,0.032734,0.014214,0.021044,-0.000515,0.000024,0.009032,-0.001779
2284940812608956169!,rebel-mauve-beetle,1.970000,-0.734007,2.621171,0.049189,1.999395,0.032344,0.012635,0.021885,-0.000538,0.000021,0.009027,-0.001770
2284940812608956169!,rebel-mauve-beetle,1.980000,-0.733685,2.621289,0.049412,1.999390,0.031957,0.011112,0.022686,-0.000561,0.000018,0.009023,-0.001760
2284940812608956169!,rebel-mauve-beetle,1.990000,-0.733368,2.621393,0.049642,1.999384,0.031572,0.009645,0.023448,-0.000582,0.000015,0.009018,-0.001751
2284940812608956169!,rebel-mauve-beetle,2.000000,-0.733054,2.621482,0.049881,1.999378,0.031191,0.008233,0.024171,-0.000603,,,
