ID,System,t,X,Y,X1,Y1,X2,Y2,dX,dY,dX1,dY1,dX2,dY2,U1,U2,U3
2131797794998386235!,talented-steel-butterfly,0.000000,-0.531541,2.177823,0.331795,1.673194,0.678021,0.735043,0.000000,0.000000,0.000000,0.000000,0.000000,0.000000,-0.334483,0.078627,-0.197970
2131797794998386235!,talented-steel-butterfly,0.010000,-0.536741,2.168687,0.329926,1.669800,0.680103,0.733117,-1.034723,-1.826426,-0.374190,-0.678948,0.414171,-0.384221,-0.240543,0.085539,-0.200953
2131797794998386235!,talented-steel-butterfly,0.020000,-0.550726,2.142833,0.325038,1.660095,0.686066,0.727540,-1.752140,-3.345843,-0.604004,-1.262943,0.773690,-0.729585,-0.169270,0.087165,-0.199170
2131797794998386235!,talented-steel-butterfly,0.030000,-0.570609,2.102911,0.318328,1.644880,0.695347,0.718674,-2.210588,-4.638597,-0.738105,-1.780831,1.076955,-1.041998,-0.118543,0.082863,-0.187915
2131797794998386235!,talented-steel-butterfly,0.040000,-0.594075,2.050945,0.310553,1.624743,0.707369,0.706845,-2.466753,-5.746129,-0.816836,-2.244129,1.319565,-1.320544,-0.084523,0.073424,-0.166859
2131797794998386235!,talented-steel-butterfly,0.050000,-0.619345,1.988687,0.302115,1.600213,0.721507,0.692407,-2.570404,-6.687192,-0.870550,-2.655143,1.497969,-1.560924,-0.063164,0.060272,-0.137749
2131797794998386235!,talented-steel-butterfly,0.060000,-0.645098,1.917765,0.293158,1.571821,0.737111,0.675771,-2.563022,-7.469160,-0.919702,-3.012207,1.611708,-1.758004,-0.050872,0.045019,-0.103204
2131797794998386235!,talented-steel-butterfly,0.070000,-0.670391,1.839770,0.283661,1.540128,0.753543,0.657399,-2.478270,-8.095275,-0.976193,-3.312701,1.663972,-1.907326,-0.044729,0.029203,-0.066086
2131797794998386235!,talented-steel-butterfly,0.080000,-0.694577,1.756300,0.273522,1.505733,0.770202,0.637800,-2.342983,-8.569446,-1.045126,-3.554994,1.661330,-2.006210,-0.042501,0.014128,-0.029105
2131797794998386235!,talented-steel-butterfly,0.090000,-0.717259,1.668865,0.262611,1.469229,0.786578,0.617491,-2.177948,-8.898806,-1.126800,-3.739462,1.612641,-2.054230,-0.042562,0.000752,0.005464
2131797794998386235!,talented-steel-butterfly,0.100000,-0.738225,1.578874,0.250809,1.431189,0.802256,0.596980,-1.998822,-9.094811,-1.218491,-3.868990,1.528015,-2.053436,-0.043775,-0.010355,0.035951
2131797794998386235!,talented-steel-butterfly,0.110000,-0.757398,1.487599,0.238036,1.392144,0.816928,0.576740,-1.816932,-9.172916,-1.315982,-3.948870,1.417696,-2.008107,-0.045381,-0.018987,0.061367
2131797794998386235!,talented-steel-butterfly,0.120000,-0.774791,1.396128,0.224259,1.352554,0.830387,0.557187,-1.639983,-9.151300,-1.414705,-3.986216,1.291117,-1.924180,-0.046903,-0.025239,0.081368
2131797794998386235!,talented-steel-butterfly,0.130000,-0.790458,1.305314,0.209515,1.312780,0.842534,0.538644,-1.472682,-9.049084,-1.510459,-3.989060,1.156202,-1.808504,-0.048067,-0.029415,0.096143
2131797794998386235!,talented-steel-butterfly,0.140000,-0.804504,1.215840,0.193855,1.273110,0.853325,0.521379,-1.317697,-8.885123,-1.599889,-3.965823,1.019233,-1.668147,-0.048729,-0.031910,0.106243
2131797794998386235!,talented-steel-butterfly,0.150000,-0.817057,1.128216,0.177358,1.233755,0.862769,0.505598,-1.176159,-8.676628,-1.680511,-3.924514,0.884780,-1.509817,-0.048843,-0.033142,0.112419
2131797794998386235!,talented-steel-butterfly,0.160000,-0.828250,1.042803,0.160122,1.194855,0.870908,0.491447,-1.048152,-8.438356,-1.750614,-3.872200,0.755845,-1.339456,-0.048423,-0.033486,0.115486
2131797794998386235!,talented-steel-butterfly,0.170000,-0.838216,0.959836,0.142257,1.156489,0.877805,0.479018,-0.933102,-8.182273,-1.809107,-3.814706,0.634120,-1.162032,-0.047527,-0.033252,0.116223
2131797794998386235!,talented-steel-butterfly,0.180000,-0.847080,0.879444,0.123880,1.118687,0.883537,0.468362,-0.830061,-7.917576,-1.855342,-3.756505,0.520286,-0.981489,-0.046233,-0.032677,0.115313
2131797794998386235!,talented-steel-butterfly,0.190000,-0.854954,0.801682,0.105116,1.081439,0.888179,0.459497,-0.737913,-7.650971,-1.888972,-3.700770,0.414298,-0.800812,-0.044632,-0.031924,0.113318
2131797794998386235!,talented-steel-butterfly,0.200000,-0.861945,0.726548,0.086090,1.044714,0.891808,0.452414,-0.655505,-7.387062,-1.909847,-3.649512,0.315621,-0.622159,-0.042813,-0.031102,0.110677
2131797794998386235!,talented-steel-butterfly,0.210000,-0.868144,0.654005,0.066928,1.008463,0.894490,0.447089,-0.581721,-7.128779,-1.917948,-3.603766,0.223428,-0.447012,-0.040860,-0.030273,0.107716
2131797794998386235!,talented-steel-butterfly,0.220000,-0.873635,0.583993,0.047755,0.972633,0.896283,0.443483,-0.515524,-6.877777,-1.913355,-3.563791,0.136732,-0.276338,-0.038847,-0.029472,0.104666
2131797794998386235!,talented-steel-butterfly,0.230000,-0.878490,0.516440,0.028696,0.937170,0.897236,0.441551,-0.455973,-6.634785,-1.896238,-3.529259,0.054491,-0.110726,-0.036835,-0.028714,0.101685
2131797794998386235!,talented-steel-butterfly,0.240000,-0.882775,0.451271,0.009872,0.902027,0.897386,0.441246,-0.402243,-6.399908,-1.866873,-3.499451,-0.024332,0.049485,-0.034876,-0.028001,0.098872
2131797794998386235!,talented-steel-butterfly,0.250000,-0.886548,0.388411,-0.008597,0.867162,0.896761,0.442514,-0.353582,-6.172765,-1.825607,-3.473313,-0.100737,0.204146,-0.033005,-0.027333,0.096281
2131797794998386235!,talented-steel-butterfly,0.260000,-0.889860,0.327791,-0.026598,0.832548,0.895379,0.445304,-0.309327,-5.952726,-1.772899,-3.449647,-0.175655,0.353191,-0.031250,-0.026706,0.093938
2131797794998386235!,talented-steel-butterfly,0.270000,-0.892757,0.269349,-0.044021,0.798166,0.893249,0.449563,-0.268922,-5.739050,-1.709337,-3.427226,-0.249931,0.496594,-0.029626,-0.026117,0.091849
2131797794998386235!,talented-steel-butterfly,0.280000,-0.895280,0.213031,-0.060763,0.764014,0.890371,0.455236,-0.231870,-5.530911,-1.635609,-3.404813,-0.324330,0.634340,-0.028143,-0.025564,0.090002
2131797794998386235!,talented-steel-butterfly,0.290000,-0.897463,0.158790,-0.076728,0.730098,0.886739,0.462270,-0.197736,-5.327486,-1.552507,-3.381233,-0.399534,0.766397,-0.026802,-0.025048,0.088380
2131797794998386235!,talented-steel-butterfly,0.300000,-0.899340,0.106588,-0.091827,0.696437,0.882341,0.470611,-0.166137,-5.127985,-1.460914,-3.355412,-0.476139,0.892706,-0.025601,-0.024567,0.086957
2131797794998386235!,talented-steel-butterfly,0.310000,-0.900939,0.056393,-0.105981,0.663059,0.877158,0.480202,-0.136734,-4.931687,-1.361792,-3.326406,-0.554661,1.013168,-0.024536,-0.024123,0.085708
2131797794998386235!,talented-steel-butterfly,0.320000,-0.902283,0.008182,-0.119123,0.630002,0.871167,0.490987,-0.109220,-4.737942,-1.256163,-3.293410,-0.635540,1.127651,-0.023599,-0.023715,0.084604
2131797794998386235!,talented-steel-butterfly,0.330000,-0.903395,-0.038066,-0.131193,0.597311,0.864341,0.502906,-0.083316,-4.546185,-1.145092,-3.255761,-0.719147,1.235992,-0.022787,-0.023343,0.083622
2131797794998386235!,talented-steel-butterfly,0.340000,-0.904259,-0.082402,-0.142130,0.565023,0.856662,0.515878,-0.058776,-4.355834,-1.029684,-3.212908,-0.805759,1.338035,-0.022092,-0.023007,0.082740
2131797794998386235!,talented-steel-butterfly,0.350000,-0.904858,-0.124870,-0.151884,0.533180,0.848110,0.529820,-0.035406,-4.166388,-0.911046,-3.164438,-0.895592,1.433622,-0.021512,-0.022703,0.081940
2131797794998386235!,talented-steel-butterfly,0.360000,-0.905204,-0.165475,-0.160431,0.501843,0.838652,0.544668,-0.013031,-3.977502,-0.790258,-3.110062,-0.988833,1.522554,-0.021049,-0.022426,0.081206
2131797794998386235!,talented-steel-butterfly,0.370000,-0.905309,-0.204217,-0.167755,0.471071,0.828251,0.560357,0.008510,-3.788902,-0.668395,-3.049582,-1.085619,1.604627,-0.020708,-0.022164,0.080524
2131797794998386235!,talented-steel-butterfly,0.380000,-0.905183,-0.241096,-0.173853,0.440928,0.816871,0.576821,0.029358,-3.600374,-0.546521,-2.982863,-1.186053,1.679641,-0.020501,-0.021906,0.079889
2131797794998386235!,talented-steel-butterfly,0.390000,-0.904834,-0.276107,-0.178730,0.411478,0.804474,0.593988,0.049620,-3.411759,-0.425697,-2.909815,-1.290208,1.747406,-0.020443,-0.021637,0.079297
2131797794998386235!,talented-steel-butterfly,0.400000,-0.904271,-0.309247,-0.182404,0.382785,0.791022,0.611788,0.069354,-3.222953,-0.306998,-2.830376,-1.398140,1.807748,-0.020555,-0.021339,0.078752
2131797794998386235!,talented-steel-butterfly,0.410000,-0.903501,-0.340510,-0.184902,0.354914,0.776476,0.630147,0.088549,-3.033908,-0.191523,-2.744502,-1.509894,1.860510,-0.020860,-0.020993,0.078258
2131797794998386235!,talented-steel-butterfly,0.420000,-0.902533,-0.369892,-0.186263,0.327932,0.760796,0.648991,0.107101,-2.844644,-0.080421,-2.652166,-1.625518,1.905556,-0.021387,-0.020576,0.077824
2131797794998386235!,talented-steel-butterfly,0.430000,-0.901375,-0.397388,-0.186537,0.301902,0.743944,0.668242,0.124792,-2.655269,0.025094,-2.553354,-1.745071,1.942763,-0.022169,-0.020063,0.077458
2131797794998386235!,talented-steel-butterfly,0.440000,-0.900042,-0.422995,-0.185788,0.276892,0.725879,0.687823,0.141269,-2.466000,0.123718,-2.448088,-1.868631,1.972018,-0.023242,-0.019427,0.077171
2131797794998386235!,talented-steel-butterfly,0.450000,-0.898550,-0.446713,-0.184092,0.252966,0.706558,0.707656,0.156018,-2.277194,0.214044,-2.336445,-1.996305,1.993207,-0.024643,-0.018639,0.076970
2131797794998386235!,talented-steel-butterfly,0.460000,-0.896922,-0.468547,-0.181543,0.230189,0.685938,0.727660,0.168352,-2.089387,0.294542,-2.218583,-2.128232,2.006205,-0.026412,-0.017667,0.076863
2131797794998386235!,talented-steel-butterfly,0.470000,-0.895192,-0.488507,-0.178247,0.208623,0.663974,0.747756,0.177407,-1.903338,0.363569,-2.094792,-2.264586,2.010852,-0.028588,-0.016481,0.076853
2131797794998386235!,talented-steel-butterfly,0.480000,-0.893403,-0.506609,-0.174333,0.188328,0.640617,0.767861,0.182130,-1.720067,0.419358,-1.965533,-2.405578,2.006943,-0.031207,-0.015051,0.076938
2131797794998386235!,talented-steel-butterfly,0.490000,-0.891614,-0.522880,-0.169950,0.169363,0.615811,0.787894,0.181291,-1.540906,0.460041,-1.831504,-2.551449,1.994189,-0.034301,-0.013349,0.077108
2131797794998386235!,talented-steel-butterfly,0.500000,-0.889911,-0.537351,-0.165279,0.151785,0.589489,0.807776,0.173496,-1.367569,0.483660,-1.693710,-2.702468,1.972176,-0.037891,-0.011353,0.077348
2131797794998386235!,talented-steel-butterfly,0.510000,-0.888440,-0.550041,-0.160565,0.135669,0.561547,0.827445,0.157153,-1.202299,0.488106,-1.553603,-2.858950,1.940231,-0.041987,-0.009049,0.077626
2131797794998386235!,talented-steel-butterfly,0.520000,-0.887302,-0.561053,-0.156037,0.121040,0.531913,0.846799,0.130608,-1.047492,0.471570,-1.413034,-3.021129,1.897706,-0.046572,-0.006440,0.077905
2131797794998386235!,talented-steel-butterfly,0.530000,-0.886459,-0.570618,-0.151783,0.107800,0.500637,0.865657,0.092719,-0.905256,0.433125,-1.273889,-3.188974,1.844285,-0.051611,-0.003542,0.078168
2131797794998386235!,talented-steel-butterfly,0.540000,-0.886013,-0.578886,-0.148006,0.095906,0.467681,0.883897,0.042372,-0.778335,0.371722,-1.138538,-3.362458,1.779120,-0.057047,-0.000383,0.078377
2131797794998386235!,talented-steel-butterfly,0.550000,-0.886098,-0.586017,-0.144935,0.085309,0.432989,0.901399,-0.021343,-0.669730,0.286648,-1.009762,-3.541408,1.701124,-0.062796,0.002988,0.078485
2131797794998386235!,talented-steel-butterfly,0.560000,-0.886817,-0.592213,-0.142762,0.075905,0.396540,0.918018,-0.098794,-0.582399,0.177880,-0.890519,-3.725373,1.609183,-0.068748,0.006504,0.078452
2131797794998386235!,talented-steel-butterfly,0.570000,-0.888311,-0.597689,-0.141713,0.067586,0.358288,0.933611,-0.190042,-0.519358,0.045878,-0.784117,-3.913671,1.501931,-0.074758,0.010073,0.078227
2131797794998386235!,talented-steel-butterfly,0.580000,-0.890754,-0.602680,-0.142056,0.060231,0.318163,0.948036,-0.294789,-0.483569,-0.108263,-0.694234,-4.105310,1.377751,-0.080641,0.013578,0.077745
2131797794998386235!,talented-steel-butterfly,0.590000,-0.894292,-0.607465,-0.144022,0.053666,0.276126,0.961121,-0.411943,-0.477591,-0.282464,-0.624527,-4.298841,1.235039,-0.086187,0.016883,0.076954
2131797794998386235!,talented-steel-butterfly,0.600000,-0.899048,-0.612349,-0.147804,0.047677,0.232161,0.972677,-0.539669,-0.503431,-0.473718,-0.578497,-4.492331,1.072243,-0.091167,0.019844,0.075811
2131797794998386235!,talented-steel-butterfly,0.610000,-0.905116,-0.617656,-0.153560,0.042013,0.186277,0.982497,-0.675397,-0.562406,-0.678103,-0.559324,-4.683346,0.887941,-0.095339,0.022308,0.074284
2131797794998386235!,talented-steel-butterfly,0.620000,-0.912564,-0.623723,-0.161401,0.036394,0.138509,0.990361,-0.815925,-0.654968,-0.890879,-0.569676,-4.868949,0.680957,-0.098461,0.024128,0.072344
2131797794998386235!,talented-steel-butterfly,0.630000,-0.921432,-0.630876,-0.171391,0.030515,0.088926,0.996038,-0.957636,-0.780538,-1.106660,-0.611539,-5.045733,0.450482,-0.100297,0.025167,0.069961
2131797794998386235!,talented-steel-butterfly,0.640000,-0.931707,-0.639444,-0.183530,0.024055,0.037633,0.999292,-1.096306,-0.937617,-1.319383,-0.686070,-5.209829,0.196203,-0.100635,0.025311,0.067130
2131797794998386235!,talented-steel-butterfly,0.650000,-0.943332,-0.649726,-0.197747,0.016685,-0.015214,0.999884,-1.227558,-1.123563,-1.522689,-0.793367,-5.357053,-0.081511,-0.099299,0.024478,0.063852
2131797794998386235!,talented-steel-butterfly,0.660000,-0.956214,-0.661993,-0.213919,0.008081,-0.069428,0.997587,-1.347093,-1.334698,-1.710134,-0.932528,-5.483031,-0.381599,-0.096147,0.022612,0.060132
2131797794998386235!,talented-steel-butterfly,0.670000,-0.970215,-0.676478,-0.231860,-0.002066,-0.124779,0.992185,-1.450830,-1.566356,-1.875411,-1.101518,-5.583358,-0.702171,-0.091088,0.019701,0.055986
2131797794998386235!,talented-steel-butterfly,0.680000,-0.985162,-0.693360,-0.251321,-0.014038,-0.180988,0.983485,-1.535179,-1.812982,-2.012659,-1.297180,-5.653796,-1.040453,-0.084082,0.015768,0.051436
2131797794998386235!,talented-steel-butterfly,0.690000,-1.000848,-0.712757,-0.271998,-0.028084,-0.237740,0.971329,-1.597217,-2.068303,-2.116710,-1.515291,-5.690483,-1.392786,-0.075149,0.010876,0.046516
2131797794998386235!,talented-steel-butterfly,0.700000,-1.017042,-0.734724,-0.293539,-0.044403,-0.294679,0.955596,-1.634870,-2.325528,-2.183344,-1.750689,-5.690172,-1.754688,-0.064367,0.005126,0.041270
2131797794998386235!,talented-steel-butterfly,0.710000,-1.033495,-0.759240,-0.315551,-0.063139,-0.351422,0.936217,-1.647051,-2.577574,-2.209514,-1.997463,-5.650444,-2.120971,-0.051874,-0.001349,0.035756
2131797794998386235!,talented-steel-butterfly,0.720000,-1.049953,-0.786217,-0.337620,-0.084375,-0.407565,0.913176,-1.633738,-2.817337,-2.193515,-2.249193,-5.569897,-2.485933,-0.037868,-0.008390,0.030042
2131797794998386235!,talented-steel-butterfly,0.730000,-1.066167,-0.815491,-0.359320,-0.108125,-0.462695,0.886517,-1.595982,-3.037963,-2.135092,-2.499248,-5.448291,-2.843597,-0.022604,-0.015817,0.024208
2131797794998386235!,talented-steel-butterfly,0.740000,-1.081905,-0.846833,-0.380227,-0.134339,-0.516403,0.856346,-1.535851,-3.233139,-2.035472,-2.741103,-5.286620,-3.187992,-0.006391,-0.023438,0.018348
2131797794998386235!,talented-steel-butterfly,0.750000,-1.096948,-0.879956,-0.399934,-0.162899,-0.568292,0.822827,-1.456200,-3.397309,-1.897212,-2.968624,-5.087096,-3.513444,0.010411,-0.031051,0.012574
2131797794998386235!,talented-steel-butterfly,0.760000,-1.111073,-0.914554,-0.418057,-0.193632,-0.618004,0.786175,-1.360397,-3.525760,-1.723899,-3.176329,-4.852975,-3.814871,0.027390,-0.038447,0.007023
2131797794998386235!,talented-steel-butterfly,0.770000,-1.124162,-0.950254,-0.434290,-0.226323,-0.665220,0.746648,-1.252958,-3.615331,-1.520824,-3.360068,-4.588618,-4.088194,0.044140,-0.045450,0.001786
2131797794998386235!,talented-steel-butterfly,0.780000,-1.136131,-0.986656,-0.448369,-0.260719,-0.709665,0.704539,-1.138317,-3.664235,-1.293880,-3.516852,-4.299085,-4.330363,0.060234,-0.051894,-0.003026
2131797794998386235!,talented-steel-butterfly,0.790000,-1.146932,-1.023349,-0.460089,-0.296544,-0.751115,0.660171,-1.020713,-3.672126,-1.049375,-3.645040,-3.989886,-4.539524,0.075254,-0.057631,-0.007300
2131797794998386235!,talented-steel-butterfly,0.800000,-1.156558,-1.059925,-0.469305,-0.333507,-0.789401,0.613878,-0.903982,-3.640099,-0.793742,-3.744395,-3.666693,-4.715087,0.088806,-0.062542,-0.010933
2131797794998386235!,talented-steel-butterfly,0.810000,-1.165036,-1.095995,-0.475939,-0.371326,-0.824409,0.565994,-0.791328,-3.570585,-0.533204,-3.816038,-3.335015,-4.857676,0.100549,-0.066538,-0.013843
2131797794998386235!,talented-steel-butterfly,0.820000,-1.172422,-1.131194,-0.479969,-0.409732,-0.856080,0.516843,-0.685175,-3.467199,-0.273512,-3.862309,-2.999952,-4.969015,0.110213,-0.069560,-0.015970
2131797794998386235!,talented-steel-butterfly,0.830000,-1.178793,-1.165203,-0.481429,-0.448486,-0.884402,0.466725,-0.587050,-3.334494,-0.019680,-3.886543,-2.665935,-5.051705,0.117614,-0.071583,-0.017291
2131797794998386235!,talented-steel-butterfly,0.840000,-1.184237,-1.197752,-0.480401,-0.487389,-0.909404,0.415914,-0.497570,-3.177691,0.224172,-3.892801,-2.336579,-5.108970,0.122671,-0.072617,-0.017817
2131797794998386235!,talented-steel-butterfly,0.850000,-1.188843,-1.228621,-0.477002,-0.526281,-0.931145,0.364648,-0.416486,-3.002382,0.454908,-3.885562,-2.014600,-5.144373,0.125409,-0.072701,-0.017598
2131797794998386235!,talented-steel-butterfly,0.860000,-1.192697,-1.257652,-0.471377,-0.565050,-0.949711,0.313129,-0.342796,-2.814222,0.670390,-3.869417,-1.701803,-5.161524,0.125958,-0.071899,-0.016721
2131797794998386235!,talented-steel-butterfly,0.870000,-1.195871,-1.284740,-0.463690,-0.603630,-0.965197,0.261523,-0.274911,-2.618653,0.869415,-3.848785,-1.399150,-5.163816,0.124542,-0.070300,-0.015305
2131797794998386235!,talented-steel-butterfly,0.880000,-1.198425,-1.309832,-0.454112,-0.642001,-0.977709,0.209966,-0.210840,-2.420656,1.051592,-3.827665,-1.106880,-5.154206,0.121466,-0.068009,-0.013500
2131797794998386235!,talented-steel-butterfly,0.890000,-1.200395,-1.332926,-0.442820,-0.680178,-0.987349,0.158565,-0.148397,-2.224567,1.217178,-3.809443,-0.824670,-5.135053,0.117092,-0.065135,-0.011473
2131797794998386235!,talented-steel-butterfly,0.900000,-1.201801,-1.354060,-0.429987,-0.718212,-0.994215,0.107407,-0.085399,-2.033943,1.366878,-3.796766,-0.551828,-5.108012,0.111817,-0.061790,-0.009405
2131797794998386235!,talented-steel-butterfly,0.910000,-1.202644,-1.373307,-0.415781,-0.756179,-0.998399,0.056567,-0.019846,-1.851515,1.501640,-3.791470,-0.287483,-5.074004,0.106048,-0.058073,-0.007487
2131797794998386235!,talented-steel-butterfly,0.920000,-1.202910,-1.390765,-0.400365,-0.794173,-0.999981,0.006114,0.049920,-1.679189,1.622440,-3.794571,-0.030775,-5.033243,0.100175,-0.054065,-0.005910
2131797794998386235!,talented-steel-butterfly,0.930000,-1.202460,-1.406594,-0.383830,-0.832272,-0.999036,-0.043906,0.124852,-1.517754,1.730275,-3.806097,0.219096,-4.985353,0.094541,-0.049817,-0.004856
2131797794998386235!,talented-steel-butterfly,0.940000,-1.201119,-1.420939,-0.366230,-0.870521,-0.995625,-0.093436,0.205273,-1.367391,1.825790,-3.825436,0.462618,-4.929529,0.089430,-0.045349,-0.004499
2131797794998386235!,talented-steel-butterfly,0.950000,-1.198860,-1.433881,-0.347693,-0.908986,-0.989812,-0.142381,0.291158,-1.228303,1.908956,-3.851716,0.699748,-4.864565,0.085102,-0.040656,-0.005021
2131797794998386235!,talented-steel-butterfly,0.960000,-1.195653,-1.445513,-0.328353,-0.947726,-0.981661,-0.190634,0.381782,-1.100322,1.979239,-3.883592,0.930000,-4.788998,0.081750,-0.035698,-0.006601
2131797794998386235!,talented-steel-butterfly,0.970000,-1.191473,-1.455931,-0.308350,-0.986789,-0.971246,-0.238078,0.475691,-0.983088,2.035538,-3.919377,1.152407,-4.701286,0.079509,-0.030407,-0.009406
2131797794998386235!,talented-steel-butterfly,0.980000,-1.186311,-1.465234,-0.287838,-1.026206,-0.958652,-0.284581,0.570696,-0.876202,2.076172,-3.957171,1.365522,-4.599967,0.078456,-0.024695,-0.013588
2131797794998386235!,talented-steel-butterfly,0.990000,-1.180181,-1.473518,-0.266989,-1.065989,-0.943981,-0.329999,0.663889,-0.779349,2.098922,-3.994974,1.567466,-4.483828,0.078608,-0.018464,-0.019275
2131797794998386235!,talented-steel-butterfly,1.000000,-1.173125,-1.480882,-0.246000,-1.106131,-0.927356,-0.374180,0.751717,-0.692368,2.101130,-4.030790,1.756012,-4.352051,0.079934,-0.011625,-0.026552
2131797794998386235!,talented-steel-butterfly,1.010000,-1.165223,-1.487423,-0.225094,-1.146606,-0.908923,-0.416964,0.830091,-0.615283,2.079855,-4.062709,1.928725,-4.204350,0.082348,-0.004114,-0.035446
2131797794998386235!,talented-steel-butterfly,1.020000,-1.156597,-1.493241,-0.204525,-1.187368,-0.888852,-0.458194,0.894556,-0.548264,2.032081,-4.088970,2.083125,-4.041065,0.085717,0.004086,-0.045900
2131797794998386235!,talented-steel-butterfly,1.030000,-1.147413,-1.498440,-0.184576,-1.228356,-0.867340,-0.497717,0.940525,-0.491546,1.954970,-4.107993,2.216890,-3.863236,0.089859,0.012928,-0.057756
2131797794998386235!,talented-steel-butterfly,1.040000,-1.137885,-1.503124,-0.165560,-1.269493,-0.844603,-0.535394,0.963577,-0.445300,1.846151,-4.118387,2.328069,-3.672612,0.094546,0.022283,-0.070732
2131797794998386235!,talented-steel-butterfly,1.050000,-1.128269,-1.507402,-0.147808,-1.310688,-0.820876,-0.571107,0.959810,-0.409498,1.704052,-4.118946,2.415323,-3.471642,0.099512,0.031932,-0.084418
2131797794998386235!,talented-steel-butterfly,1.060000,-1.118853,-1.511378,-0.131661,-1.351839,-0.796403,-0.604766,0.926197,-0.383753,1.528167,-4.108618,2.478108,-3.263365,0.104461,0.041569,-0.098281
2131797794998386235!,talented-steel-butterfly,1.070000,-1.109953,-1.515152,-0.117462,-1.392835,-0.771431,-0.636313,0.860923,-0.367187,1.319296,-4.086459,2.516827,-3.051262,0.109076,0.050811,-0.111688
2131797794998386235!,talented-steel-butterfly,1.080000,-1.101897,-1.518812,-0.105538,-1.433552,-0.746196,-0.665726,0.763665,-0.358358,1.079701,-4.051584,2.532899,-2.839066,0.113038,0.059235,-0.123947
2131797794998386235!,talented-steel-butterfly,1.090000,-1.095008,-1.522432,-0.096188,-1.473861,-0.720918,-0.693020,0.635762,-0.355256,0.813151,-4.003139,2.528743,-2.630540,0.116043,0.066408,-0.134363
2131797794998386235!,talented-steel-butterfly,1.100000,-1.089591,-1.526060,-0.089668,-1.513623,-0.695787,-0.718248,0.480244,-0.355378,0.524835,-3.940285,2.507675,-2.429253,0.117822,0.071939,-0.142304
2131797794998386235!,talented-steel-butterfly,1.110000,-1.085913,-1.529724,-0.086177,-1.552690,-0.670956,-0.741497,0.301700,-0.355882,0.221152,-3.862214,2.473705,-2.238374,0.118159,0.075521,-0.147260
2131797794998386235!,talented-steel-butterfly,1.120000,-1.084194,-1.533421,-0.085848,-1.590907,-0.646538,-0.762882,0.105994,-0.353803,-0.090612,-3.768184,2.431287,-2.060502,0.116910,0.076966,-0.148900
2131797794998386235!,talented-steel-butterfly,1.130000,-1.084592,-1.537125,-0.088740,-1.628114,-0.622599,-0.782541,-0.100137,-0.346283,-0.402685,-3.657578,2.385012,-1.897545,0.114007,0.076227,-0.147099
2131797794998386235!,talented-steel-butterfly,1.140000,-1.087200,-1.540787,-0.094838,-1.664145,-0.599160,-0.800629,-0.309574,-0.330804,-0.707252,-3.529950,2.339315,-1.750652,0.109463,0.073403,-0.141949
2131797794998386235!,talented-steel-butterfly,1.150000,-1.092032,-1.544338,-0.104037,-1.698829,-0.576193,-0.817314,-0.515354,-0.305373,-0.996924,-3.385084,2.298170,-1.620172,0.103370,0.068724,-0.133739
2131797794998386235!,talented-steel-butterfly,1.160000,-1.098837,-1.547591,-0.115982,-1.731973,-0.553575,-0.832799,-0.711618,-0.268911,-1.265879,-3.223422,2.264567,-1.505293,0.095889,0.062536,-0.122938
2131797794998386235!,talented-steel-butterfly,1.170000,-1.107534,-1.550466,-0.130471,-1.763418,-0.531224,-0.847232,-0.892783,-0.220745,-1.508400,-3.045316,2.241134,-1.405216,0.087231,0.055238,-0.110109
2131797794998386235!,talented-steel-butterfly,1.180000,-1.117929,-1.552848,-0.147194,-1.793002,-0.509018,-0.860756,-1.054604,-0.160922,-1.720233,-2.851480,2.229568,-1.318482,0.077636,0.047267,-0.095878
2131797794998386235!,talented-steel-butterfly,1.190000,-1.129698,-1.554543,-0.165730,-1.820562,-0.486807,-0.873509,-1.194235,-0.090281,-1.898756,-2.643236,2.230773,-1.243211,0.067375,0.039062,-0.080900
2131797794998386235!,talented-steel-butterfly,1.200000,-1.142631,-1.555459,-0.185757,-1.845963,-0.464470,-0.885589,-1.309874,-0.009880,-2.042084,-2.421656,2.245049,-1.177475,0.056698,0.031017,-0.065767
2131797794998386235!,talented-steel-butterfly,1.210000,-1.156508,-1.555513,-0.206941,-1.869079,-0.441887,-0.897071,-1.400957,0.078907,-2.149499,-2.187888,2.272001,-1.119161,0.045832,0.023465,-0.050992
2131797794998386235!,talented-steel-butterfly,1.220000,-1.171104,-1.554642,-0.228941,-1.889797,-0.418941,-0.908013,-1.467991,0.174498,-2.221293,-1.943124,2.310626,-1.066082,0.034964,0.016670,-0.036995
2131797794998386235!,talented-steel-butterfly,1.230000,-1.186195,-1.552783,-0.251416,-1.908013,-0.395531,-0.918453,-1.512322,0.275133,-2.258598,-1.688670,2.359487,-1.016112,0.024246,0.010822,-0.024094
2131797794998386235!,talented-steel-butterfly,1.240000,-1.201550,-1.549831,-0.274041,-1.923632,-0.371581,-0.928401,-1.535832,0.378760,-2.263249,-1.426168,2.417195,-0.967452,0.013816,0.006048,-0.012527
2131797794998386235!,talented-steel-butterfly,1.250000,-1.217000,-1.545772,-0.296528,-1.936582,-0.347021,-0.937857,-1.540950,0.483591,-2.237448,-1.156862,2.481726,-0.918274,0.003739,0.002395,-0.002409
2131797794998386235!,talented-steel-butterfly,1.260000,-1.232393,-1.540612,-0.318604,-1.946802,-0.321800,-0.946808,-1.530319,0.587773,-2.183701,-0.882112,2.550852,-0.866981,-0.005943,-0.000145,0.006220
2131797794998386235!,talented-steel-butterfly,1.270000,-1.247598,-1.534376,-0.340015,-1.954249,-0.295887,-0.955223,-1.506623,0.689345,-2.104711,-0.603461,2.622232,-0.812255,-0.015204,-0.001620,0.013368
2131797794998386235!,talented-steel-butterfly,1.280000,-1.262506,-1.527107,-0.360529,-1.958892,-0.269271,-0.963064,-1.472466,0.786209,-2.003302,-0.322682,2.693493,-0.753097,-0.024021,-0.002109,0.019074
2131797794998386235!,talented-steel-butterfly,1.290000,-1.277027,-1.518871,-0.379938,-1.960721,-0.241965,-0.970285,-1.430287,0.876102,-1.882395,-0.041815,2.762295,-0.688847,-0.032361,-0.001711,0.023396
2131797794998386235!,talented-steel-butterfly,1.300000,-1.291096,-1.509756,-0.398063,-1.959748,-0.214001,-0.976833,-1.382308,0.956607,-1.744991,0.236845,2.826397,-0.619198,-0.040176,-0.000543,0.026398
2131797794998386235!,talented-steel-butterfly,1.310000,-1.304664,-1.499874,-0.414753,-1.956008,-0.185437,-0.982656,-1.330504,1.025194,-1.594176,0.510776,2.883713,-0.544187,-0.047401,0.001272,0.028146
2131797794998386235!,talented-steel-butterfly,1.320000,-1.317703,-1.489361,-0.429888,-1.949563,-0.156348,-0.987702,-1.276581,1.079292,-1.433119,0.777302,2.932358,-0.464178,-0.053953,0.003605,0.028708
2131797794998386235!,talented-steel-butterfly,1.330000,-1.330198,-1.478381,-0.443380,-1.940500,-0.126828,-0.991925,-1.221965,1.116408,-1.265067,1.033695,2.970696,-0.379834,-0.059732,0.006324,0.028159
2131797794998386235!,talented-steel-butterfly,1.340000,-1.342150,-1.467122,-0.455172,-1.928934,-0.096978,-0.995287,-1.167804,1.134220,-1.093304,1.277309,2.997289,-0.292048,-0.064637,0.009303,0.026583
2131797794998386235!,talented-steel-butterfly,1.350000,-1.353566,-1.455787,-0.465244,-1.915007,-0.066930,-0.997758,-1.114893,1.130881,-0.921162,1.505637,3.011221,-0.201994,-0.068563,0.012422,0.024075
2131797794998386235!,talented-steel-butterfly,1.360000,-1.364463,-1.444602,-0.473605,-1.898884,-0.036811,-0.999322,-1.063745,1.105038,-0.751900,1.716575,3.011797,-0.110941,-0.071424,0.015573,0.020756
2131797794998386235!,talented-steel-butterfly,1.370000,-1.374860,-1.433801,-0.480299,-1.880747,-0.006755,-0.999977,-1.014545,1.056052,-0.588652,1.908477,2.998693,-0.020255,-0.073153,0.018662,0.016761
2131797794998386235!,talented-steel-butterfly,1.380000,-1.384779,-1.423623,-0.485401,-1.860795,0.023100,-0.999733,-0.967163,0.984154,-0.434347,2.080298,2.972009,0.068672,-0.073719,0.021614,0.012246
2131797794998386235!,talented-steel-butterfly,1.390000,-1.394235,-1.414298,-0.489011,-1.839233,0.052617,-0.998615,-0.921188,0.890512,-0.291612,2.231676,2.932209,0.154498,-0.073126,0.024378,0.007379
2131797794998386235!,talented-steel-butterfly,1.400000,-1.403244,-1.406043,-0.491259,-1.816267,0.081666,-0.996660,-0.875970,0.777246,-0.162692,2.362961,2.880074,0.235994,-0.071421,0.026922,0.002331
2131797794998386235!,talented-steel-butterfly,1.410000,-1.411810,-1.399050,-0.492293,-1.792098,0.110126,-0.993918,-0.830689,0.647368,-0.049387,2.475187,2.816638,0.312083,-0.068686,0.029236,-0.002734
2131797794998386235!,talented-steel-butterfly,1.420000,-1.419935,-1.393477,-0.492278,-1.766912,0.137884,-0.990448,-0.784433,0.504643,0.046988,2.569990,2.743105,0.381877,-0.065040,0.031325,-0.007671
2131797794998386235!,talented-steel-butterfly,1.430000,-1.427608,-1.389447,-0.491394,-1.740879,0.164838,-0.986321,-0.736284,0.353386,0.125613,2.649474,2.660763,0.444679,-0.060625,0.033208,-0.012361
2131797794998386235!,talented-steel-butterfly,1.440000,-1.434815,-1.387037,-0.489829,-1.714146,0.190899,-0.981610,-0.685403,0.198213,0.186151,2.716049,2.570887,0.499974,-0.055598,0.034910,-0.016718
2131797794998386235!,talented-steel-butterfly,1.450000,-1.441539,-1.386283,-0.487774,-1.686837,0.215984,-0.976397,-0.631101,0.043765,0.228706,2.772242,2.474666,0.547408,-0.050122,0.036456,-0.020691
2131797794998386235!,talented-steel-butterfly,1.460000,-1.447760,-1.387178,-0.485427,-1.659051,0.240016,-0.970769,-0.572886,-0.105555,0.253770,2.820519,2.373123,0.586739,-0.044354,0.037867,-0.024263
2131797794998386235!,talented-steel-butterfly,1.470000,-1.453408,-1.389524,-0.482955,-1.630815,0.262983,-0.964800,-0.510592,-0.246207,0.262485,2.863039,2.267032,0.617942,-0.038437,0.039162,-0.027456
2131797794998386235!,talented-steel-butterfly,1.480000,-1.458447,-1.393213,-0.480523,-1.602177,0.284838,-0.958576,-0.444179,-0.375025,0.255979,2.901619,2.157003,0.640947,-0.032494,0.040347,-0.030308
2131797794998386235!,talented-steel-butterfly,1.490000,-1.462822,-1.398073,-0.478268,-1.573153,0.305559,-0.952173,-0.373816,-0.489702,0.235652,2.937615,2.043437,0.655753,-0.026618,0.041424,-0.032878
2131797794998386235!,talented-steel-butterfly,1.500000,-1.466474,-1.403916,-0.476299,-1.543751,0.325135,-0.945668,-0.299830,-0.588728,0.203013,2.971910,1.926544,0.662374,-0.020876,0.042386,-0.035237
2131797794998386235!,talented-steel-butterfly,1.510000,-1.469374,-1.410599,-0.474733,-1.513993,0.343526,-0.939143,-0.222663,-0.671228,0.159478,3.004940,1.806347,0.660737,-0.015308,0.043214,-0.037446
2131797794998386235!,talented-steel-butterfly,1.520000,-1.471500,-1.417971,-0.473675,-1.483895,0.360691,-0.932685,-0.142851,-0.737040,0.106474,3.036691,1.682710,0.650744,-0.009926,0.043886,-0.039568
2131797794998386235!,talented-steel-butterfly,1.530000,-1.472785,-1.425833,-0.473167,-1.453462,0.376636,-0.926361,-0.060996,-0.786723,0.045511,3.066713,1.555425,0.632398,-0.004715,0.044380,-0.041670
2131797794998386235!,talented-steel-butterfly,1.540000,-1.473200,-1.434039,-0.473264,-1.422717,0.391332,-0.920250,0.022216,-0.821234,-0.022120,3.094228,1.424157,0.605616,0.000360,0.044669,-0.043799
2131797794998386235!,talented-steel-butterfly,1.550000,-1.472738,-1.442466,-0.474027,-1.391697,0.404733,-0.914435,0.106012,-0.841851,-0.095295,3.118190,1.288489,0.570292,0.005347,0.044722,-0.045988
2131797794998386235!,talented-steel-butterfly,1.560000,-1.471401,-1.450999,-0.475509,-1.360450,0.416790,-0.909003,0.189532,-0.850097,-0.173019,3.137350,1.147976,0.526362,0.010304,0.044511,-0.048262
2131797794998386235!,talented-steel-butterfly,1.570000,-1.469201,-1.459535,-0.477753,-1.329033,0.427445,-0.904041,0.271798,-0.847626,-0.254447,3.150341,1.002173,0.473843,0.015292,0.044010,-0.050631
2131797794998386235!,talented-steel-butterfly,1.580000,-1.466161,-1.467984,-0.480798,-1.297518,0.436639,-0.899637,0.351697,-0.836146,-0.338898,3.155753,0.850658,0.412867,0.020374,0.043198,-0.053096
2131797794998386235!,talented-steel-butterfly,1.590000,-1.462317,-1.476271,-0.484676,-1.265988,0.444310,-0.895873,0.427951,-0.817340,-0.425870,3.152214,0.693055,0.343722,0.025603,0.042057,-0.055645
2131797794998386235!,talented-steel-butterfly,1.600000,-1.457715,-1.484333,-0.489416,-1.234541,0.450390,-0.892832,0.499113,-0.792823,-0.515045,3.138470,0.529051,0.266880,0.031016,0.040578,-0.058253
2131797794998386235!,talented-steel-butterfly,1.610000,-1.452421,-1.492125,-0.495044,-1.203284,0.454810,-0.890589,0.563575,-0.764101,-0.606287,3.113460,0.358418,0.183038,0.036634,0.038759,-0.060884
2131797794998386235!,talented-steel-butterfly,1.620000,-1.446513,-1.499612,-0.501584,-1.172335,0.457499,-0.889210,0.619593,-0.732545,-0.699637,3.076387,0.181028,0.093139,0.042449,0.036611,-0.063488
2131797794998386235!,talented-steel-butterfly,1.630000,-1.440088,-1.506774,-0.509063,-1.141817,0.458386,-0.888753,0.665346,-0.699369,-0.795291,3.026796,-0.003124,-0.001611,0.048423,0.034157,-0.066005
2131797794998386235!,talented-steel-butterfly,1.640000,-1.433263,-1.513601,-0.517510,-1.111859,0.457400,-0.889261,0.698983,-0.665561,-0.893600,2.964670,-0.193913,-0.099741,0.054480,0.031434,-0.068366
2131797794998386235!,talented-steel-butterfly,1.650000,-1.426170,-1.520091,-0.526955,-1.082585,0.454474,-0.890760,0.718854,-0.632035,-0.994927,2.890331,-0.391006,-0.199495,0.060521,0.028500,-0.070499
2131797794998386235!,talented-steel-butterfly,1.660000,-1.418960,-1.526252,-0.537435,-1.054114,0.449543,-0.893259,0.723444,-0.599352,-1.099738,2.804697,-0.593922,-0.298898,0.066401,0.025427,-0.072327
2131797794998386235!,talented-steel-butterfly,1.670000,-1.411796,-1.532095,-0.548992,-1.026556,0.442547,-0.896745,0.711648,-0.567896,-1.208437,2.709119,-0.801950,-0.395765,0.071951,0.022304,-0.073780
2131797794998386235!,talented-steel-butterfly,1.680000,-1.404850,-1.537635,-0.561669,-1.000005,0.433436,-0.901184,0.682852,-0.537809,-1.321328,2.605409,-1.014154,-0.487770,0.076985,0.019235,-0.074797
2131797794998386235!,talented-steel-butterfly,1.690000,-1.398299,-1.542886,-0.575514,-0.974534,0.422170,-0.906517,0.637040,-0.508986,-1.438549,2.495779,-1.229367,-0.572524,0.081308,0.016330,-0.075331
2131797794998386235!,talented-steel-butterfly,1.700000,-1.392317,-1.547863,-0.590574,-0.950194,0.408721,-0.912659,0.574866,-0.481094,-1.560018,2.382743,-1.446193,-0.647656,0.084737,0.013700,-0.075358
2131797794998386235!,talented-steel-butterfly,1.710000,-1.387068,-1.552576,-0.606897,-0.927010,0.393075,-0.919506,0.497677,-0.453607,-1.685392,2.269001,-1.663030,-0.710921,0.087110,0.011448,-0.074875
2131797794998386235!,talented-steel-butterfly,1.720000,-1.382703,-1.557029,-0.624524,-0.904983,0.375235,-0.926930,0.407485,-0.425845,-1.814055,2.157291,-1.878102,-0.760284,0.088308,0.009659,-0.073905
2131797794998386235!,talented-steel-butterfly,1.730000,-1.379349,-1.561223,-0.643493,-0.884085,0.355221,-0.934783,0.306877,-0.397043,-1.945121,2.050235,-2.089504,-0.794019,0.088264,0.008395,-0.072492
2131797794998386235!,talented-steel-butterfly,1.740000,-1.377108,-1.565152,-0.663833,-0.864267,0.333071,-0.942902,0.198884,-0.366412,-2.077480,1.950194,-2.295262,-0.810778,0.086970,0.007686,-0.070699
2131797794998386235!,talented-steel-butterfly,1.750000,-1.376050,-1.568804,-0.685561,-0.845462,0.308842,-0.951113,0.086804,-0.333207,-2.209851,1.859137,-2.493400,-0.809648,0.084481,0.007528,-0.068605
2131797794998386235!,talented-steel-butterfly,1.760000,-1.376217,-1.572167,-0.708686,-0.827585,0.282611,-0.959235,-0.025988,-0.296786,-2.340858,1.778538,-2.681996,-0.790172,0.080910,0.007884,-0.066293
2131797794998386235!,talented-steel-butterfly,1.770000,-1.377558,-1.575196,-0.733157,-0.810509,0.254512,-0.967070,-0.136393,-0.256549,-2.469184,1.709290,-2.859422,-0.752537,0.076415,0.008680,-0.063846
2131797794998386235!,talented-steel-butterfly,1.780000,-1.379963,-1.577824,-0.758887,-0.794074,0.224715,-0.974424,-0.241685,-0.212067,-2.593624,1.651706,-3.024360,-0.697457,0.071189,0.009818,-0.061338
2131797794998386235!,talented-steel-butterfly,1.790000,-1.383396,-1.580031,-0.785857,-0.778192,0.193334,-0.981133,-0.339318,-0.163314,-2.713007,1.605583,-3.175456,-0.625729,0.065441,0.011192,-0.058827
2131797794998386235!,talented-steel-butterfly,1.800000,-1.387682,-1.581719,-0.813938,-0.762683,0.160572,-0.987024,-0.427569,-0.110232,-2.826495,1.570243,-3.312017,-0.538810,0.059378,0.012677,-0.056356
2131797794998386235!,talented-steel-butterfly,1.810000,-1.392731,-1.582850,-0.843079,-0.747456,0.126570,-0.991958,-0.504998,-0.053156,-2.933351,1.544594,-3.433290,-0.438075,0.053194,0.014159,-0.053944
2131797794998386235!,talented-steel-butterfly,1.820000,-1.398446,-1.583395,-0.873221,-0.732432,0.091473,-0.995808,-0.570721,0.007454,-3.033029,1.527223,-3.538730,-0.325060,0.047056,0.015527,-0.051588
2131797794998386235!,talented-steel-butterfly,1.830000,-1.404695,-1.583304,-0.904277,-0.717520,0.055448,-0.998462,-0.624432,0.071056,-3.125214,1.516494,-3.628120,-0.201482,0.041095,0.016680,-0.049266
2131797794998386235!,talented-steel-butterfly,1.840000,-1.411340,-1.582513,-0.936149,-0.702630,0.018668,-0.999826,-0.666284,0.136984,-3.209764,1.510622,-3.701471,-0.069112,0.035406,0.017528,-0.046936
2131797794998386235!,talented-steel-butterfly,1.850000,-1.418286,-1.581008,-0.968774,-0.687734,-0.018722,-0.999825,-0.696740,0.204427,-3.286578,1.507680,-3.758729,0.070382,0.030041,0.017999,-0.044538
2131797794998386235!,talented-steel-butterfly,1.860000,-1.425439,-1.578784,-1.002088,-0.672819,-0.056573,-0.998398,-0.716569,0.272492,-3.355600,1.505695,-3.799930,0.215318,0.025016,0.018036,-0.041999
2131797794998386235!,talented-steel-butterfly,1.870000,-1.432713,-1.575845,-1.036022,-0.657893,-0.094735,-0.995502,-0.726756,0.340192,-3.416777,1.502679,-3.825179,0.364017,0.020318,0.017598,-0.039238
2131797794998386235!,talented-steel-butterfly,1.880000,-1.440025,-1.572205,-1.070505,-0.642982,-0.133057,-0.991108,-0.728424,0.406429,-3.470016,1.496665,-3.834636,0.514803,0.015911,0.016653,-0.036174
2131797794998386235!,talented-steel-butterfly,1.890000,-1.447303,-1.567890,-1.105463,-0.628132,-0.171387,-0.985204,-0.722762,0.469982,-3.515165,1.485725,-3.828520,0.666011,0.011748,0.015186,-0.032730
2131797794998386235!,talented-steel-butterfly,1.900000,-1.454484,-1.562938,-1.140820,-0.613404,-0.209573,-0.977793,-0.710967,0.529511,-3.551994,1.468001,-3.807120,0.815992,0.007777,0.013194,-0.028840
2131797794998386235!,talented-steel-butterfly,1.910000,-1.461517,-1.557400,-1.176494,-0.598880,-0.247469,-0.968896,-0.694200,0.583558,-3.580196,1.441731,-3.770820,0.963117,0.003952,0.010688,-0.024459
2131797794998386235!,talented-steel-butterfly,1.920000,-1.468360,-1.551344,-1.212400,-0.584656,-0.284928,-0.958549,-0.673549,0.630583,-3.599398,1.405290,-3.720129,1.105805,0.000239,0.007696,-0.019569
2131797794998386235!,talented-steel-butterfly,1.930000,-1.474979,-1.544850,-1.248448,-0.570846,-0.321811,-0.946804,-0.650005,0.668997,-3.609177,1.357235,-3.655709,1.242545,-0.003380,0.004265,-0.014183
2131797794998386235!,talented-steel-butterfly,1.940000,-1.481353,-1.538017,-1.284543,-0.557575,-0.357985,-0.933727,-0.624434,0.697237,-3.609091,1.296365,-3.578410,1.371939,-0.006901,0.000463,-0.008357
2131797794998386235!,talented-steel-butterfly,1.950000,-1.487464,-1.530957,-1.320586,-0.544980,-0.393326,-0.919399,-0.597556,0.713835,-3.598695,1.221783,-3.489283,1.492743,-0.010294,-0.003620,-0.002187
2131797794998386235!,talented-steel-butterfly,1.960000,-1.493304,-1.523799,-1.356472,-0.533204,-0.427722,-0.903910,-0.569936,0.717522,-3.577576,1.132971,-3.389597,1.603926,-0.013507,-0.007871,0.004184
2131797794998386235!,talented-steel-butterfly,1.970000,-1.498868,-1.516680,-1.392094,-0.522397,-0.461073,-0.887362,-0.541985,0.707334,-3.545392,1.029864,-3.280844,1.704724,-0.016469,-0.012153,0.010573
2131797794998386235!,talented-steel-butterfly,1.980000,-1.504155,-1.509748,-1.427338,-0.512703,-0.493295,-0.869862,-0.513940,0.682701,-3.501882,0.912905,-3.164705,1.794690,-0.019094,-0.016313,0.016763
2131797794998386235!,talented-steel-butterfly,1.990000,-1.509166,-1.503152,-1.462092,-0.504261,-0.524322,-0.851520,-0.485865,0.643534,-3.446882,0.783077,-3.043009,1.873730,-0.021284,-0.020187,0.022512
2131797794998386235!,talented-steel-butterfly,2.000000,-1.513902,-1.497043,-1.496238,-0.497199,-0.554108,-0.832445,-0.457660,0.590283,-3.380334,0.641917,-2.917673,1.942116,,,
