ID,System,t,X,Y,X1,Y1,X2,Y2,dX,dY,dX1,dY1,dX2,dY2,U1,U2,U3,U4
1878603104524047239!,talented-zippy-butterfly,0.000000,0.082488,-1.440334,-0.872029,-1.738490,-0.644312,-0.764763,0.000000,0.000000,0.000000,0.000000,0.000000,0.000000,-0.289846,0.133473,-0.182506,-0.871170
1878603104524047239!,talented-zippy-butterfly,0.010000,0.077417,-1.432329,-0.875334,-1.736082,-0.646985,-0.762503,-1.015453,1.597311,-0.659925,0.482164,-0.533233,0.452449,-0.164253,0.113286,-0.117504,-0.591141
1878603104524047239!,talented-zippy-butterfly,0.020000,0.064169,-1.410437,-0.883478,-1.729757,-0.654081,-0.756424,-1.637688,2.775644,-0.966364,0.783355,-0.883281,0.763774,-0.082789,0.097360,-0.072415,-0.399227
1878603104524047239!,talented-zippy-butterfly,0.030000,0.045968,-1.378325,-0.893479,-1.721022,-0.664037,-0.747699,-2.008655,3.642643,-1.031758,0.964641,-1.105840,0.982104,-0.030489,0.084275,-0.040276,-0.265266
1878603104524047239!,talented-zippy-butterfly,0.040000,0.024873,-1.338742,-0.903305,-1.710877,-0.675778,-0.737106,-2.216581,4.269783,-0.931680,1.064986,-1.240288,1.137095,0.002047,0.073375,-0.016908,-0.171088
1878603104524047239!,talented-zippy-butterfly,0.050000,0.002241,-1.293828,-0.911556,-1.699999,-0.688559,-0.725180,-2.316645,4.708897,-0.717793,1.111828,-1.314793,1.248396,0.020787,0.064313,0.000295,-0.105373
1878603104524047239!,talented-zippy-butterfly,0.060000,-0.021027,-1.245257,-0.917272,-1.688817,-0.701888,-0.712287,-2.343327,5.000389,-0.426009,1.126314,-1.349764,1.330058,0.029554,0.056864,0.013037,-0.060811
1878603104524047239!,talented-zippy-butterfly,0.070000,-0.044301,-1.194340,-0.919796,-1.677568,-0.715444,-0.698671,-2.317913,5.177511,-0.081580,1.125804,-1.360041,1.392692,0.030822,0.050842,0.022479,-0.032495
1878603104524047239!,talented-zippy-butterfly,0.080000,-0.067119,-1.142085,-0.918686,-1.666330,-0.729033,-0.684479,-2.253275,5.268631,0.297509,1.125218,-1.356394,1.444684,0.026221,0.046078,0.029460,-0.016984
1878603104524047239!,talented-zippy-butterfly,0.090000,-0.089120,-1.089229,-0.913657,-1.655038,-0.742556,-0.669784,-2.156890,5.298495,0.698311,1.137698,-1.346509,1.492806,0.016854,0.042410,0.034605,-0.011762
1878603104524047239!,talented-zippy-butterfly,0.100000,-0.110003,-1.036278,-0.904534,-1.643501,-0.755978,-0.654598,-2.032835,5.288978,1.111356,1.174915,-1.335655,1.542513,0.003498,0.039683,0.038397,-0.014913
1878603104524047239!,talented-zippy-butterfly,0.110000,-0.129494,-0.983528,-0.891227,-1.631419,-0.769307,-0.638879,-1.883189,5.259551,1.529525,1.247185,-1.327150,1.598089,-0.013242,0.037755,0.041206,-0.024907
1878603104524047239!,talented-zippy-butterfly,0.120000,-0.147336,-0.931091,-0.873710,-1.618392,-0.782578,-0.622553,-1.709063,5.227548,1.947188,1.363442,-1.322684,1.662676,-0.032830,0.036496,0.043314,-0.040452
1878603104524047239!,talented-zippy-butterfly,0.130000,-0.163283,-0.878913,-0.852008,-1.603936,-0.795834,-0.605515,-1.511432,5.208256,2.359529,1.531094,-1.322564,1.738259,-0.054702,0.035784,0.044923,-0.060369
1878603104524047239!,talented-zippy-butterfly,0.140000,-0.177099,-0.826796,-0.826195,-1.587503,-0.809116,-0.587649,-1.291803,5.214821,2.762018,1.755774,-1.325905,1.825600,-0.078185,0.035502,0.046165,-0.083487
1878603104524047239!,talented-zippy-butterfly,0.150000,-0.188568,-0.774423,-0.796389,-1.568496,-0.822451,-0.568836,-1.052772,5.257956,3.149978,2.040972,-1.330814,1.924155,-0.102433,0.035530,0.047098,-0.108547
1878603104524047239!,talented-zippy-butterfly,0.160000,-0.197506,-0.721381,-0.762759,-1.546299,-0.835840,-0.548973,-0.798432,5.345505,3.518275,2.387599,-1.334594,2.031992,-0.126376,0.035737,0.047711,-0.134137
1878603104524047239!,talented-zippy-butterfly,0.170000,-0.203823,-0.667204,-0.725561,-1.520309,-0.849252,-0.527988,-0.534532,5.482027,3.861190,2.793714,-1.334260,2.146113,-0.148708,0.035971,0.047927,-0.158645
1878603104524047239!,talented-zippy-butterfly,0.180000,-0.207512,-0.611407,-0.685124,-1.489978,-0.862618,-0.505856,-0.268533,5.668264,4.172330,3.254100,-1.326667,2.262317,-0.167920,0.036059,0.047615,-0.180292
1878603104524047239!,talented-zippy-butterfly,0.190000,-0.208604,-0.553519,-0.641804,-1.454816,-0.875846,-0.482590,-0.009524,5.900491,4.444598,3.759656,-1.308472,2.374731,-0.182404,0.035817,0.046596,-0.197231
1878603104524047239!,talented-zippy-butterfly,0.200000,-0.207225,-0.493124,-0.596028,-1.414445,-0.888814,-0.458268,0.232264,6.170447,4.670485,4.297491,-1.276816,2.476397,-0.190608,0.035057,0.044679,-0.207693
1878603104524047239!,talented-zippy-butterfly,0.210000,-0.203604,-0.429915,-0.548295,-1.368631,-0.901375,-0.433038,0.446169,6.465589,4.842511,4.851280,-1.229727,2.559695,-0.191262,0.033610,0.041704,-0.210208
1878603104524047239!,talented-zippy-butterfly,0.220000,-0.198072,-0.363722,-0.499176,-1.317313,-0.913372,-0.407125,0.622038,6.769889,4.953827,5.402091,-1.166474,2.616945,-0.183623,0.031356,0.037588,-0.203855
1878603104524047239!,talented-zippy-butterfly,0.230000,-0.191050,-0.294545,-0.449303,-1.260623,-0.924648,-0.380823,0.751277,7.065201,4.998922,5.929717,-1.087776,2.641147,-0.167691,0.028247,0.032368,-0.188483
1878603104524047239!,talented-zippy-butterfly,0.240000,-0.183032,-0.222565,-0.399350,-1.198888,-0.935061,-0.354487,0.827865,7.333080,4.974328,6.414373,-0.995816,2.626754,-0.144324,0.024331,0.026227,-0.164831
1878603104524047239!,talented-zippy-butterfly,0.250000,-0.174553,-0.148135,-0.350015,-1.132621,-0.944499,-0.328514,0.849121,7.556784,4.879165,6.838522,-0.894016,2.570357,-0.115189,0.019744,0.019489,-0.134485
1878603104524047239!,talented-zippy-butterfly,0.260000,-0.166157,-0.071756,-0.301989,-1.062488,-0.952888,-0.303323,0.816077,7.723101,4.715421,7.188489,-0.786606,2.471119,-0.082546,0.014698,0.012575,-0.099665
1878603104524047239!,talented-zippy-butterfly,0.270000,-0.158358,0.005962,-0.255930,-0.989267,-0.960195,-0.279330,0.733349,7.823643,4.487874,7.455546,-0.678073,2.330875,-0.048896,0.009439,0.005941,-0.062879
1878603104524047239!,talented-zippy-butterfly,0.280000,-0.151610,0.084350,-0.212439,-0.913798,-0.966433,-0.256918,0.608540,7.855335,4.203675,7.636244,-0.572584,2.153857,-0.016602,0.004204,0.000001,-0.026528
1878603104524047239!,talented-zippy-butterfly,0.290000,-0.146285,0.162732,-0.172035,-0.836937,-0.971650,-0.236424,0.451303,7.820087,3.871671,7.731983,-0.473532,1.946113,0.012442,-0.000812,-0.004939,0.007416
1878603104524047239!,talented-zippy-butterfly,0.300000,-0.142649,0.240465,-0.135148,-0.759506,-0.975922,-0.218120,0.272285,7.723764,3.501641,7.747988,-0.383249,1.714750,0.036994,-0.005484,-0.008710,0.037610
1878603104524047239!,talented-zippy-butterfly,0.310000,-0.140866,0.316975,-0.102108,-0.682274,-0.979342,-0.202211,0.082198,7.574847,3.103610,7.692038,-0.302933,1.467157,0.056496,-0.009754,-0.011287,0.063372
1878603104524047239!,talented-zippy-butterfly,0.320000,-0.140990,0.391773,-0.073146,-0.605923,-0.982010,-0.188830,-0.109044,7.382928,2.687197,7.573073,-0.232745,1.210395,0.070965,-0.013625,-0.012759,0.084586
1878603104524047239!,talented-zippy-butterfly,0.330000,-0.142982,0.464467,-0.048401,-0.531050,-0.984022,-0.178045,-0.292711,7.157527,2.261317,7.400177,-0.172022,0.950736,0.080815,-0.017137,-0.013288,0.101525
1878603104524047239!,talented-zippy-butterfly,0.340000,-0.146722,0.534758,-0.027926,-0.458160,-0.985467,-0.169864,-0.461502,6.907202,1.833997,7.181842,-0.119527,0.693438,0.086662,-0.020345,-0.013071,0.114663
1878603104524047239!,talented-zippy-butterfly,0.350000,-0.152063,0.602476,-0.011702,-0.387624,-0.986426,-0.164209,-0.609474,6.638896,1.412332,6.925516,-0.073650,0.442423,0.089147,-0.023296,-0.012297,0.124495
1878603104524047239!,talented-zippy-butterfly,0.360000,-0.158771,0.667465,0.000359,-0.319793,-0.986954,-0.161004,-0.731933,6.358559,1.002506,6.638122,-0.032781,0.200944,0.088892,-0.026024,-0.011141,0.131493
1878603104524047239!,talented-zippy-butterfly,0.370000,-0.166570,0.729621,0.008403,-0.254952,-0.987093,-0.160146,-0.825377,6.070852,0.609795,6.325902,0.004631,-0.028545,0.086409,-0.028539,-0.009740,0.136018
1878603104524047239!,talented-zippy-butterfly,0.380000,-0.175144,0.788879,0.012625,-0.193334,-0.986869,-0.161521,-0.887332,5.779483,0.238534,5.994713,0.039955,-0.244117,0.082105,-0.030828,-0.008200,0.138324
1878603104524047239!,talented-zippy-butterfly,0.390000,-0.184177,0.845218,0.013255,-0.135098,-0.986299,-0.164970,-0.916594,5.487139,-0.107786,5.650030,0.074352,-0.444524,0.076253,-0.032852,-0.006582,0.138530
1878603104524047239!,talented-zippy-butterfly,0.400000,-0.193324,0.898629,0.010560,-0.080366,-0.985384,-0.170350,-0.912863,5.196201,-0.426754,5.297437,0.108671,-0.628600,0.069079,-0.034555,-0.004930,0.136708
1878603104524047239!,talented-zippy-butterfly,0.410000,-0.202288,0.949157,0.004815,-0.029162,-0.984125,-0.177478,-0.876943,4.908491,-0.717066,4.942335,0.143486,-0.795638,0.060751,-0.035872,-0.003264,0.132875
1878603104524047239!,talented-zippy-butterfly,0.420000,-0.210751,0.996838,-0.003689,0.018511,-0.982515,-0.186182,-0.810817,4.625689,-0.978452,4.590209,0.179056,-0.944907,0.051425,-0.036734,-0.001591,0.127054
1878603104524047239!,talented-zippy-butterfly,0.430000,-0.218418,1.041723,-0.014666,0.062701,-0.980546,-0.196287,-0.717576,4.349240,-1.211720,4.246400,0.215348,-1.075760,0.041254,-0.037080,0.000085,0.119286
1878603104524047239!,talented-zippy-butterfly,0.440000,-0.225026,1.083878,-0.027841,0.103512,-0.978212,-0.207609,-0.601357,4.080341,-1.418697,3.915946,0.252063,-1.187666,0.030399,-0.036861,0.001766,0.109649
1878603104524047239!,talented-zippy-butterfly,0.450000,-0.230363,1.123380,-0.042964,0.141096,-0.975509,-0.219957,-0.467194,3.819907,-1.602121,3.603387,0.288664,-1.280221,0.019035,-0.036052,0.003450,0.098279
1878603104524047239!,talented-zippy-butterfly,0.460000,-0.234270,1.160315,-0.059814,0.175650,-0.972444,-0.233137,-0.320808,3.568540,-1.765476,3.312584,0.324406,-1.353139,0.007346,-0.034650,0.005131,0.085368
1878603104524047239!,talented-zippy-butterfly,0.470000,-0.236646,1.194777,-0.078209,0.207408,-0.969028,-0.246950,-0.168331,3.326476,-1.912762,3.046557,0.358377,-1.406269,-0.004477,-0.032687,0.006798,0.071166
1878603104524047239!,talented-zippy-butterfly,0.480000,-0.237454,1.226858,-0.098008,0.236628,-0.965286,-0.261196,-0.015999,3.093556,-2.048255,2.807369,0.389542,-1.439609,-0.016246,-0.030221,0.008436,0.055971
1878603104524047239!,talented-zippy-butterfly,0.490000,-0.236742,1.256656,-0.119119,0.263598,-0.961252,-0.275672,0.130253,2.869185,-2.176243,2.595992,0.416795,-1.453338,-0.027790,-0.027339,0.010024,0.040112
1878603104524047239!,talented-zippy-butterfly,0.500000,-0.234693,1.284269,-0.141503,0.288620,-0.956972,-0.290180,0.265293,2.652315,-2.300714,2.412144,0.439035,-1.447873,-0.038965,-0.024146,0.011542,0.023924
1878603104524047239!,talented-zippy-butterfly,0.510000,-0.231413,1.309753,-0.165137,0.311951,-0.952500,-0.304537,0.384334,2.441686,-2.425178,2.255071,0.455171,-1.423638,-0.049645,-0.020765,0.012963,0.007746
1878603104524047239!,talented-zippy-butterfly,0.520000,-0.227064,1.333158,-0.190031,0.333844,-0.947903,-0.318560,0.483555,2.235716,-2.552537,2.123204,0.464173,-1.381188,-0.059741,-0.017319,0.014263,-0.008114
1878603104524047239!,talented-zippy-butterfly,0.530000,-0.221844,1.354519,-0.216224,0.354535,-0.943254,-0.332071,0.560183,2.032596,-2.684940,2.014358,0.465110,-1.321154,-0.069204,-0.013928,0.015417,-0.023402
1878603104524047239!,talented-zippy-butterfly,0.540000,-0.215981,1.373853,-0.243772,0.374239,-0.938640,-0.344898,0.612504,1.830427,-2.823700,1.925960,0.457172,-1.244193,-0.078022,-0.010699,0.016400,-0.037933
1878603104524047239!,talented-zippy-butterfly,0.550000,-0.209717,1.391162,-0.272740,0.393150,-0.934153,-0.356873,0.639820,1.627345,-2.969227,1.855253,0.439684,-1.150920,-0.086224,-0.007720,0.017187,-0.051601
1878603104524047239!,talented-zippy-butterfly,0.560000,-0.203299,1.406428,-0.303196,0.411431,-0.929892,-0.367833,0.642325,1.421727,-3.121047,1.799566,0.412126,-1.041865,-0.093869,-0.005055,0.017749,-0.064385
1878603104524047239!,talented-zippy-butterfly,0.570000,-0.196970,1.419624,-0.335196,0.429223,-0.925960,-0.377621,0.620984,1.212353,-3.277790,1.756489,0.374139,-0.917422,-0.101039,-0.002747,0.018056,-0.076342
1878603104524047239!,talented-zippy-butterfly,0.580000,-0.190960,1.430709,-0.368780,0.446646,-0.922465,-0.386081,0.577393,0.998632,-3.437239,1.724074,0.325544,-0.777824,-0.107833,-0.000814,0.018067,-0.087606
1878603104524047239!,talented-zippy-butterfly,0.590000,-0.185484,1.439644,-0.403962,0.463802,-0.919514,-0.393056,0.513664,0.780809,-3.596375,1.700993,0.266363,-0.623128,-0.114356,0.000745,0.017735,-0.098369
1878603104524047239!,talented-zippy-butterfly,0.600000,-0.180739,1.446380,-0.440714,0.480764,-0.917205,-0.398415,0.432431,0.560191,-3.751408,1.686614,0.196885,-0.453256,-0.120713,0.001949,0.017002,-0.108872
1878603104524047239!,talented-zippy-butterfly,0.610000,-0.176885,1.450896,-0.478970,0.497615,-0.915636,-0.402009,0.336649,0.339275,-3.897944,1.681170,0.117641,-0.267944,-0.126998,0.002828,0.015802,-0.119384
1878603104524047239!,talented-zippy-butterfly,0.620000,-0.174049,1.453211,-0.518623,0.514452,-0.914901,-0.403679,0.229628,0.121877,-4.031055,1.685768,0.029481,-0.066816,-0.133287,0.003420,0.014061,-0.130183
1878603104524047239!,talented-zippy-butterfly,0.630000,-0.172323,1.453389,-0.559514,0.531389,-0.915086,-0.403260,0.115095,-0.086824,-4.145395,1.702354,-0.066343,0.150546,-0.139639,0.003769,0.011704,-0.141533
1878603104524047239!,talented-zippy-butterfly,0.640000,-0.171761,1.451551,-0.601428,0.548564,-0.916260,-0.400584,-0.002784,-0.280365,-4.235391,1.733631,-0.168108,0.384515,-0.146081,0.003920,0.008667,-0.153661
1878603104524047239!,talented-zippy-butterfly,0.650000,-0.172372,1.447890,-0.644094,0.566142,-0.918475,-0.395479,-0.119389,-0.451236,-4.295460,1.782902,-0.273560,0.635326,-0.152611,0.003916,0.004904,-0.166719
1878603104524047239!,talented-zippy-butterfly,0.660000,-0.174118,1.442676,-0.687184,0.584327,-0.921756,-0.387772,-0.229692,-0.591303,-4.320309,1.853807,-0.379866,0.902962,-0.159182,0.003793,0.000408,-0.180743
1878603104524047239!,talented-zippy-butterfly,0.670000,-0.176908,1.436265,-0.730320,0.603357,-0.926095,-0.377292,-0.328341,-0.692403,-4.305233,1.949977,-0.483598,1.187034,-0.165700,0.003580,-0.004783,-0.195623
1878603104524047239!,talented-zippy-butterfly,0.680000,-0.180597,1.429090,-0.773079,0.623506,-0.931448,-0.363874,-0.409827,-0.747091,-4.246411,2.074599,-0.580767,1.486653,-0.172016,0.003292,-0.010563,-0.211063
1878603104524047239!,talented-zippy-butterfly,0.690000,-0.184983,1.421652,-0.815005,0.645075,-0.937730,-0.347366,-0.468721,-0.749459,-4.141182,2.229941,-0.666895,1.800314,-0.177929,0.002928,-0.016766,-0.226577
1878603104524047239!,talented-zippy-butterfly,0.700000,-0.189811,1.414504,-0.855623,0.668384,-0.944806,-0.327631,-0.499979,-0.695934,-3.988253,2.416881,-0.737158,2.125778,-0.183185,0.002478,-0.023156,-0.241500
1878603104524047239!,talented-zippy-butterfly,0.710000,-0.194778,1.408220,-0.894447,0.693752,-0.952493,-0.304562,-0.499279,-0.585928,-3.787828,2.634506,-0.786591,2.460002,-0.187497,0.001923,-0.029454,-0.255034
1878603104524047239!,talented-zippy-butterfly,0.720000,-0.199541,1.403366,-0.931002,0.721483,-0.960558,-0.278081,-0.463370,-0.422219,-3.541644,2.879870,-0.810340,2.799109,-0.190562,0.001242,-0.035351,-0.266324
1878603104524047239!,talented-zippy-butterfly,0.730000,-0.203729,1.400465,-0.964837,0.751839,-0.968721,-0.248153,-0.390382,-0.210984,-3.252905,3.147942,-0.803959,3.138430,-0.192093,0.000424,-0.040545,-0.274554
1878603104524047239!,talented-zippy-butterfly,0.740000,-0.207007,1.399840,-0.995602,0.784927,-0.976638,-0.214893,-0.279734,0.039152,-2.925476,3.432182,-0.764215,3.473176,-0.191819,-0.000532,-0.044778,-0.279022
1878603104524047239!,talented-zippy-butterfly,0.750000,-0.209010,1.401810,-1.022949,0.820859,-0.983962,-0.178380,-0.132709,0.316812,-2.564807,3.724300,-0.688442,3.797509,-0.189564,-0.001601,-0.047843,-0.279260
1878603104524047239!,talented-zippy-butterfly,0.760000,-0.209388,1.406593,-1.046576,0.859677,-0.990329,-0.138740,0.047611,0.609054,-2.177400,4.014971,-0.575122,4.105237,-0.185253,-0.002736,-0.049610,-0.275073
1878603104524047239!,talented-zippy-butterfly,0.770000,-0.207832,1.414278,-1.066248,0.901324,-0.995366,-0.096160,0.256521,0.902513,-1.770426,4.294565,-0.424132,4.390234,-0.178914,-0.003874,-0.050038,-0.266552
1878603104524047239!,talented-zippy-butterfly,0.780000,-0.204083,1.424818,-1.081806,0.945649,-0.998704,-0.050892,0.487964,1.184436,-1.351450,4.553805,-0.236788,4.646757,-0.170673,-0.004940,-0.049167,-0.254049
1878603104524047239!,talented-zippy-butterfly,0.790000,-0.197949,1.438048,-1.093163,0.992412,-0.999995,-0.003238,0.734905,1.443553,-0.928146,4.784366,-0.015769,4.869742,-0.160748,-0.005862,-0.047111,-0.238126
1878603104524047239!,talented-zippy-butterfly,0.800000,-0.189310,1.453701,-1.100311,1.041295,-0.998921,0.046448,0.989770,1.670724,-0.508019,4.979329,0.235053,5.055059,-0.149418,-0.006573,-0.044037,-0.219483
1878603104524047239!,talented-zippy-butterfly,0.810000,-0.178124,1.471428,-1.103312,1.091921,-0.995208,0.097781,1.244911,1.859293,-0.098138,5.133464,0.510879,5.199689,-0.137003,-0.007021,-0.040143,-0.198890
1878603104524047239!,talented-zippy-butterfly,0.820000,-0.164420,1.490836,-1.102297,1.143869,-0.988633,0.150350,1.493044,2.005183,0.295094,5.243334,0.806294,5.301818,-0.123838,-0.007174,-0.035647,-0.177115
1878603104524047239!,talented-zippy-butterfly,0.830000,-0.148296,1.511516,-1.097450,1.196706,-0.979024,0.203743,1.727637,2.106773,0.666126,5.307229,1.115634,5.360839,-0.110247,-0.007023,-0.030760,-0.154869
1878603104524047239!,talented-zippy-butterfly,0.840000,-0.129929,1.533019,-1.089031,1.249959,-0.966272,0.257522,1.943346,2.164626,1.010597,5.325085,1.433123,5.377349,-0.096531,-0.006573,-0.025682,-0.132780
1878603104524047239!,talented-zippy-butterfly,0.850000,-0.109548,1.554948,-1.077336,1.303181,-0.950318,0.311280,2.136133,2.181077,1.325244,5.298115,1.753375,5.352939,-0.082942,-0.005851,-0.020587,-0.111347
1878603104524047239!,talented-zippy-butterfly,0.860000,-0.087412,1.576830,-1.062700,1.355891,-0.931173,0.364578,2.303185,2.159435,1.607926,5.228499,2.071157,5.289961,-0.069726,-0.004883,-0.015630,-0.091033
1878603104524047239!,talented-zippy-butterfly,0.870000,-0.063725,1.598205,-1.045402,1.407654,-0.908900,0.417014,2.442350,2.103441,1.857026,5.118892,2.381781,5.191199,-0.057124,-0.003696,-0.010956,-0.072271
1878603104524047239!,talented-zippy-butterfly,0.880000,-0.038781,1.618852,-1.025781,1.458126,-0.883575,0.468289,2.553636,2.018307,2.072541,4.972666,2.681876,5.060207,-0.045222,-0.002347,-0.006641,-0.055163
1878603104524047239!,talented-zippy-butterfly,0.890000,-0.012863,1.638519,-1.004172,1.506965,-0.855317,0.518106,2.637983,1.908897,2.255216,4.793190,2.968503,4.900563,-0.034091,-0.000876,-0.002743,-0.039800
1878603104524047239!,talented-zippy-butterfly,0.900000,0.013766,1.656992,-0.980901,1.553854,-0.824270,0.566196,2.697197,1.779831,2.406456,4.583736,3.239324,4.715819,-0.023763,0.000683,0.000702,-0.026203
1878603104524047239!,talented-zippy-butterfly,0.910000,0.040863,1.674099,-0.956276,1.598508,-0.790605,0.612327,2.733736,1.635354,2.528144,4.347368,3.492530,4.509378,-0.014225,0.002304,0.003684,-0.014324
1878603104524047239!,talented-zippy-butterfly,0.920000,0.068211,1.689707,-0.930586,1.640671,-0.754504,0.656295,2.750475,1.479261,2.622454,4.086872,3.726728,4.284400,-0.005431,0.003969,0.006211,-0.004062
1878603104524047239!,talented-zippy-butterfly,0.930000,0.095623,1.703720,-0.904098,1.680113,-0.716165,0.697931,2.750472,1.314875,2.691676,3.804753,3.940804,4.043764,0.002703,0.005668,0.008305,0.004725
1878603104524047239!,talented-zippy-butterfly,0.940000,0.122943,1.716075,-0.877057,1.716626,-0.675796,0.737089,2.736758,1.145090,2.738058,3.503280,4.133803,3.790056,0.010280,0.007399,0.009999,0.012211
1878603104524047239!,talented-zippy-butterfly,0.950000,0.150042,1.726736,-0.849687,1.750026,-0.633615,0.773649,2.712157,0.972458,2.763692,3.184570,4.304811,3.525619,0.017426,0.009163,0.011326,0.018584
1878603104524047239!,talented-zippy-butterfly,0.960000,0.176818,1.735693,-0.822194,1.780147,-0.589849,0.807513,2.679145,0.799311,2.770427,2.850707,4.452881,3.252615,0.024277,0.010962,0.012324,0.024041
1878603104524047239!,talented-zippy-butterfly,0.970000,0.203188,1.742965,-0.794770,1.806843,-0.544741,0.838604,2.639755,0.627894,2.759834,2.503880,4.576990,2.973125,0.030970,0.012801,0.013020,0.028773
1878603104524047239!,talented-zippy-butterfly,0.980000,0.229183,1.748527,-0.767490,1.830029,-0.498512,0.866883,2.594714,0.460374,2.732580,2.146317,4.676213,2.689115,0.037594,0.014677,0.013420,0.032886
1878603104524047239!,talented-zippy-butterfly,0.990000,0.254762,1.752419,-0.740503,1.849618,-0.451409,0.892317,2.545061,0.299290,2.689736,1.780693,4.749628,2.402758,0.044277,0.016583,0.013537,0.036560
1878603104524047239!,talented-zippy-butterfly,1.000000,0.279866,1.754722,-0.713974,1.865539,-0.403695,0.914894,2.491547,0.147385,2.632342,1.410071,4.796333,2.116372,0.051146,0.018504,0.013381,0.039973
1878603104524047239!,talented-zippy-butterfly,1.010000,0.304449,1.755544,-0.688056,1.877756,-0.355643,0.934622,2.434422,0.007601,2.561286,1.037892,4.815568,1.832425,0.058296,0.020420,0.012949,0.043269
1878603104524047239!,talented-zippy-butterfly,1.020000,0.328463,1.755027,-0.662888,1.886269,-0.307532,0.951538,2.373510,-0.116928,2.477420,0.667972,4.806839,1.553545,0.065787,0.022298,0.012229,0.046560
1878603104524047239!,talented-zippy-butterfly,1.030000,0.351861,1.753342,-0.638602,1.891118,-0.259643,0.965705,2.308303,-0.222943,2.381663,0.304442,4.770048,1.282492,0.073636,0.024098,0.011209,0.049922
1878603104524047239!,talented-zippy-butterfly,1.040000,0.374593,1.750693,-0.615317,1.892387,-0.212256,0.977214,2.238055,-0.307204,2.275105,-0.048364,4.705615,1.022084,0.081799,0.025775,0.009879,0.053386
1878603104524047239!,talented-zippy-butterfly,1.050000,0.396599,1.747315,-0.593140,1.890203,-0.165645,0.986186,2.161883,-0.366680,2.159083,-0.386077,4.614573,0.775086,0.090173,0.027278,0.008239,0.056938
1878603104524047239!,talented-zippy-butterfly,1.060000,0.417810,1.743480,-0.572164,1.884736,-0.120070,0.992765,2.078897,-0.398763,2.035280,-0.704447,4.498603,0.544083,0.098585,0.028554,0.006303,0.060518
1878603104524047239!,talented-zippy-butterfly,1.070000,0.438153,1.739467,-0.552455,1.876199,-0.075769,0.997125,1.988131,-0.401616,1.905575,-0.999723,4.360200,0.331322,0.106778,0.029556,0.004102,0.063987
1878603104524047239!,talented-zippy-butterfly,1.080000,0.457544,1.735581,-0.534067,1.864839,-0.032955,0.999457,1.888862,-0.374299,1.772279,-1.268672,4.202478,0.138569,0.114441,0.030245,0.001691,0.067175
1878603104524047239!,talented-zippy-butterfly,1.090000,0.475902,1.732109,-0.517013,1.850933,0.008207,0.999966,1.780535,-0.317002,1.637889,-1.508973,4.029164,-0.033068,0.121218,0.030591,-0.000857,0.069862
1878603104524047239!,talented-zippy-butterfly,1.100000,0.493132,1.729356,-0.501296,1.834775,0.047575,0.998868,1.662882,-0.231273,1.505149,-1.719183,3.844525,-0.183109,0.126727,0.030580,-0.003458,0.071794
1878603104524047239!,talented-zippy-butterfly,1.110000,0.509138,1.727588,-0.486887,1.816666,0.085061,0.996376,1.535968,-0.119931,1.376859,-1.899011,3.653141,-0.311871,0.130599,0.030214,-0.006017,0.072717
1878603104524047239!,talented-zippy-butterfly,1.120000,0.523827,1.727057,-0.473730,1.796910,0.120614,0.992699,1.400247,0.012883,1.255853,-2.049168,3.459788,-0.420369,0.132518,0.029509,-0.008444,0.072393
1878603104524047239!,talented-zippy-butterfly,1.130000,0.537111,1.727960,-0.461744,1.775798,0.154233,0.988034,1.256591,0.162012,1.144837,-2.171387,3.269151,-0.510319,0.132259,0.028495,-0.010657,0.070645
1878603104524047239!,talented-zippy-butterfly,1.140000,0.548915,1.730441,-0.450817,1.753601,0.185965,0.982556,1.106286,0.321560,1.046290,-2.268214,3.085614,-0.584002,0.129713,0.027213,-0.012592,0.067375
1878603104524047239!,talented-zippy-butterfly,1.150000,0.559179,1.734581,-0.440813,1.730560,0.215896,0.976416,0.950989,0.485268,0.962361,-2.342785,2.913064,-0.644109,0.124911,0.025713,-0.014207,0.062581
1878603104524047239!,talented-zippy-butterfly,1.160000,0.567860,1.740398,-0.431578,1.706885,0.244153,0.969737,0.792659,0.646913,0.894780,-2.398559,2.754736,-0.693568,0.118016,0.024047,-0.015485,0.056366
1878603104524047239!,talented-zippy-butterfly,1.170000,0.574943,1.747846,-0.422936,1.682749,0.270893,0.962609,0.633446,0.800691,0.844796,-2.439063,2.613096,-0.735366,0.109317,0.022268,-0.016433,0.048927
1878603104524047239!,talented-zippy-butterfly,1.180000,0.580432,1.756824,-0.414702,1.658291,0.296296,0.955096,0.475575,0.941538,0.813136,-2.467658,2.489792,-0.772398,0.099200,0.020428,-0.017079,0.040541
1878603104524047239!,talented-zippy-butterfly,1.190000,0.584360,1.767178,-0.406680,1.633617,0.320556,0.947230,0.321202,1.065366,0.799995,-2.487355,2.385648,-0.807336,0.088112,0.018571,-0.017463,0.031539
1878603104524047239!,talented-zippy-butterfly,1.200000,0.586783,1.778716,-0.398676,1.608805,0.343875,0.939015,0.172292,1.169190,0.805047,-2.500687,2.300713,-0.842540,0.076528,0.016736,-0.017638,0.022282
1878603104524047239!,talented-zippy-butterfly,1.210000,0.587776,1.791220,-0.390499,1.583906,0.366454,0.930436,0.030503,1.251159,0.827484,-2.509645,2.234342,-0.879999,0.064916,0.014955,-0.017659,0.013130
1878603104524047239!,talented-zippy-butterfly,1.220000,0.587430,1.804455,-0.381967,1.558957,0.388482,0.921456,-0.102888,1.310492,0.866076,-2.515661,2.185303,-0.921315,0.053704,0.013249,-0.017581,0.004421
1878603104524047239!,talented-zippy-butterfly,1.230000,0.585841,1.818141,-0.372930,1.533961,0.410137,0.912024,-0.227047,1.347438,0.919147,-2.519599,2.151757,-0.967645,0.043265,0.011631,-0.017458,-0.003550
1878603104524047239!,talented-zippy-butterfly,1.240000,0.583101,1.832052,-0.363257,1.508931,0.431562,0.902084,-0.341566,1.362910,0.984842,-2.521881,2.131682,-1.019808,0.033892,0.010107,-0.017334,-0.010543
1878603104524047239!,talented-zippy-butterfly,1.250000,0.579307,1.845986,-0.352833,1.483888,0.452875,0.891574,-0.446415,1.358398,1.061163,-2.522514,2.122865,-1.078309,0.025801,0.008673,-0.017246,-0.016372
1878603104524047239!,talented-zippy-butterfly,1.260000,0.574546,1.859748,-0.341574,1.458844,0.474171,0.880433,-0.541894,1.335836,1.145965,-2.521148,2.122918,-1.143331,0.019133,0.007319,-0.017223,-0.020909
1878603104524047239!,talented-zippy-butterfly,1.270000,0.568894,1.873166,-0.329423,1.433820,0.495516,0.868599,-0.628529,1.297415,1.237091,-2.517154,2.129426,-1.214791,0.013958,0.006027,-0.017286,-0.024077
1878603104524047239!,talented-zippy-butterfly,1.280000,0.562393,1.886063,-0.316377,1.408818,0.516939,0.856022,-0.707012,1.245454,1.332337,-2.509679,2.139927,-1.292271,0.010286,0.004775,-0.017454,-0.025848
1878603104524047239!,talented-zippy-butterfly,1.290000,0.555115,1.898334,-0.302406,1.383886,0.538464,0.842649,-0.777990,1.182347,1.429757,-2.497691,2.152207,-1.375289,0.008079,0.003538,-0.017729,-0.026222
1878603104524047239!,talented-zippy-butterfly,1.300000,0.547131,1.909894,-0.287496,1.359079,0.560095,0.828428,-0.842054,1.110473,1.527528,-2.480054,2.164163,-1.463176,0.007264,0.002290,-0.018113,-0.025224
1878603104524047239!,talented-zippy-butterfly,1.310000,0.538510,1.920676,-0.271647,1.334463,0.581821,0.813317,-0.899650,1.032148,1.623993,-2.455572,2.173842,-1.555097,0.007742,0.001005,-0.018601,-0.022902
1878603104524047239!,talented-zippy-butterfly,1.320000,0.529320,1.930633,-0.254873,1.310116,0.603612,0.797278,-0.951022,0.949617,1.717698,-2.423039,2.179461,-1.650052,0.009397,-0.000344,-0.019185,-0.019321
1878603104524047239!,talented-zippy-butterfly,1.330000,0.519626,1.939739,-0.237203,1.286127,0.625423,0.780286,-0.996157,0.865044,1.807430,-2.381277,2.179435,-1.746885,0.012099,-0.001778,-0.019855,-0.014560
1878603104524047239!,talented-zippy-butterfly,1.340000,0.509496,1.947989,-0.218677,1.262596,0.647193,0.762326,-1.034765,0.780522,1.892246,-2.329185,2.172396,-1.844300,0.015708,-0.003317,-0.020595,-0.008712
1878603104524047239!,talented-zippy-butterfly,1.350000,0.499004,1.955394,-0.199342,1.239634,0.668847,0.743400,-1.066274,0.698080,1.971501,-2.265783,2.157211,-1.940873,0.020080,-0.004971,-0.021388,-0.001885
1878603104524047239!,talented-zippy-butterfly,1.360000,0.488227,1.961989,-0.179251,1.217359,0.690303,0.723521,-1.089858,0.619671,2.044872,-2.190264,2.133006,-2.035077,0.025060,-0.006745,-0.022214,0.005795
1878603104524047239!,talented-zippy-butterfly,1.370000,0.477253,1.967825,-0.158460,1.195900,0.711467,0.702719,-1.104478,0.547155,2.112374,-2.102056,2.099186,-2.125319,0.030489,-0.008632,-0.023048,0.014179
1878603104524047239!,talented-zippy-butterfly,1.380000,0.466182,1.972972,-0.137024,1.175386,0.732243,0.681043,-1.108939,0.482236,2.174377,-2.000899,2.055467,-2.209994,0.036206,-0.010614,-0.023862,0.023098
1878603104524047239!,talented-zippy-butterfly,1.390000,0.455122,1.977516,-0.114992,1.155951,0.752532,0.658555,-1.102045,0.426452,2.231549,-1.886848,2.001835,-2.287500,0.042037,-0.012663,-0.024628,0.032353
1878603104524047239!,talented-zippy-butterfly,1.400000,0.444199,1.981558,-0.092405,1.137724,0.772237,0.635335,-1.082620,0.381019,2.284885,-1.760416,1.938622,-2.356355,0.047818,-0.014737,-0.025313,0.041726
1878603104524047239!,talented-zippy-butterfly,1.410000,0.433545,1.985208,-0.069294,1.120829,0.791263,0.611476,-1.049692,0.346800,2.335612,-1.622547,1.866441,-2.415217,0.053383,-0.016780,-0.025888,0.050980
1878603104524047239!,talented-zippy-butterfly,1.420000,0.423303,1.988586,-0.045677,1.105377,0.809526,0.587084,-1.002595,0.324203,2.385130,-1.474664,1.786181,-2.462952,0.058584,-0.018731,-0.026324,0.059870
1878603104524047239!,talented-zippy-butterfly,1.430000,0.413621,1.991811,-0.021555,1.091466,0.826949,0.562277,-0.941069,0.313109,2.434918,-1.318652,1.698962,-2.498687,0.063293,-0.020519,-0.026597,0.068155
1878603104524047239!,talented-zippy-butterfly,1.440000,0.404645,1.995002,0.003082,1.079170,0.843467,0.537181,-0.865350,0.312836,2.486431,-1.156813,1.606086,-2.521836,0.067410,-0.022077,-0.026690,0.075617
1878603104524047239!,talented-zippy-butterfly,1.450000,0.396521,1.998267,0.028263,1.068543,0.859031,0.511924,-0.776219,0.322143,2.540998,-0.991788,1.508970,-2.532115,0.070877,-0.023338,-0.026594,0.082074
1878603104524047239!,talented-zippy-butterfly,1.460000,0.389380,2.001702,0.054024,1.059610,0.873602,0.486642,-0.675009,0.339272,2.599717,-0.826430,1.409078,-2.529526,0.073675,-0.024248,-0.026309,0.087396
1878603104524047239!,talented-zippy-butterfly,1.470000,0.383341,2.005386,0.080417,1.052371,0.887158,0.461466,-0.563569,0.362046,2.663380,-0.663670,1.307854,-2.514320,0.075829,-0.024767,-0.025845,0.091518
1878603104524047239!,talented-zippy-butterfly,1.480000,0.378441,2.009302,0.107463,1.046717,0.899702,0.436506,-0.443888,0.387982,2.732372,-0.506172,1.206633,-2.487045,0.077438,-0.024878,-0.025224,0.094476
1878603104524047239!,talented-zippy-butterfly,1.490000,0.374737,2.013454,0.135209,1.042565,0.911242,0.411872,-0.318457,0.414543,2.806704,-0.356467,1.106620,-2.448327,0.078605,-0.024582,-0.024469,0.096351
1878603104524047239!,talented-zippy-butterfly,1.500000,0.372276,2.017838,0.163710,1.039829,0.921796,0.387675,-0.190004,0.439235,2.886032,-0.216747,1.008864,-2.398830,0.079451,-0.023902,-0.023609,0.097274
1878603104524047239!,talented-zippy-butterfly,1.510000,0.371075,2.022423,0.193014,1.038404,0.931392,0.364017,-0.061276,0.459733,2.969689,-0.088731,0.914241,-2.339220,0.080109,-0.022881,-0.022672,0.097427
1878603104524047239!,talented-zippy-butterfly,1.520000,0.371130,2.027160,0.223161,1.038169,0.940065,0.340997,0.065119,0.474010,3.056755,0.026411,0.823451,-2.270102,0.080716,-0.021574,-0.021688,0.097030
1878603104524047239!,talented-zippy-butterfly,1.530000,0.372409,2.031982,0.254182,1.038996,0.947854,0.318705,0.186838,0.480433,3.146126,0.128093,0.737027,-2.191977,0.081402,-0.020048,-0.020682,0.096318
1878603104524047239!,talented-zippy-butterfly,1.540000,0.374860,2.036808,0.286096,1.040755,0.954806,0.297231,0.301910,0.477822,3.236587,0.216296,0.655353,-2.105212,0.082283,-0.018375,-0.019673,0.095529
1878603104524047239!,talented-zippy-butterfly,1.550000,0.378413,2.041546,0.318910,1.043318,0.960967,0.276661,0.408796,0.465469,3.326879,0.291527,0.578684,-2.010026,0.083457,-0.016625,-0.018674,0.094887
1878603104524047239!,talented-zippy-butterfly,1.560000,0.382983,2.046102,0.352617,1.046563,0.966390,0.257080,0.506418,0.443126,3.415747,0.354741,0.507168,-1.906494,0.084996,-0.014861,-0.017692,0.094593
1878603104524047239!,talented-zippy-butterfly,1.570000,0.388481,2.050380,0.387200,1.050381,0.971125,0.238573,0.594106,0.410958,3.501958,0.407233,0.440867,-1.794575,0.086953,-0.013139,-0.016724,0.094814
1878603104524047239!,talented-zippy-butterfly,1.580000,0.394805,2.054288,0.422627,1.054675,0.975223,0.221226,0.671651,0.369542,3.584342,0.450608,0.379764,-1.674101,0.089355,-0.011501,-0.015762,0.095682
1878603104524047239!,talented-zippy-butterfly,1.590000,0.401854,2.057743,0.458853,1.059369,0.978735,0.205130,0.739179,0.319783,3.661773,0.486640,0.323778,-1.544834,0.092208,-0.009978,-0.014788,0.097289
1878603104524047239!,talented-zippy-butterfly,1.600000,0.409529,2.060669,0.495825,1.064399,0.981711,0.190377,0.796963,0.262826,3.733109,0.517150,0.272759,-1.406528,0.095506,-0.008588,-0.013784,0.099697
1878603104524047239!,talented-zippy-butterfly,1.610000,0.417736,2.063004,0.533474,1.069724,0.984200,0.177061,0.845485,0.200078,3.797222,0.544019,0.226486,-1.258927,0.099223,-0.007340,-0.012723,0.102935
1878603104524047239!,talented-zippy-butterfly,1.620000,0.426382,2.064701,0.571723,1.075320,0.986247,0.165281,0.885289,0.133146,3.852954,0.569099,0.184649,-1.101816,0.103323,-0.006232,-0.011579,0.107001
1878603104524047239!,talented-zippy-butterfly,1.630000,0.435381,2.065732,0.610480,1.081181,0.987893,0.155136,0.916906,0.063805,3.899095,0.594178,0.146840,-0.935066,0.107755,-0.005256,-0.010325,0.111870
1878603104524047239!,talented-zippy-butterfly,1.640000,0.444655,2.066073,0.649642,1.087309,0.989179,0.146716,0.940776,-0.006020,3.934360,0.620942,0.112526,-0.758668,0.112460,-0.004401,-0.008933,0.117494
1878603104524047239!,talented-zippy-butterfly,1.650000,0.454134,2.065704,0.689097,1.093700,0.990139,0.140089,0.957183,-0.074276,3.957359,0.650958,0.081034,-0.572744,0.117366,-0.003655,-0.007383,0.123805
1878603104524047239!,talented-zippy-butterfly,1.660000,0.463745,2.064657,0.728716,1.100400,0.990797,0.135354,0.966326,-0.138819,3.966761,0.685679,0.051582,-0.377581,0.122382,-0.003003,-0.005657,0.130701
1878603104524047239!,talented-zippy-butterfly,1.670000,0.473417,2.062982,0.768358,1.107467,0.991169,0.132605,0.968258,-0.197479,3.961249,0.726374,0.023237,-0.173686,0.127402,-0.002430,-0.003746,0.138053
1878603104524047239!,talented-zippy-butterfly,1.680000,0.483074,2.060755,0.807866,1.114969,0.991259,0.131930,0.962898,-0.248131,3.939578,0.774090,-0.005082,0.038185,0.132306,-0.001925,-0.001651,0.145702
1878603104524047239!,talented-zippy-butterfly,1.690000,0.492639,2.058069,0.847069,1.122986,0.991061,0.133407,0.950009,-0.288800,3.900611,0.829584,-0.034592,0.256977,0.136957,-0.001480,0.000613,0.153464
1878603104524047239!,talented-zippy-butterfly,1.700000,0.502039,2.055035,0.885795,1.131601,0.990557,0.137103,0.929410,-0.317688,3.843500,0.893332,-0.066635,0.481431,0.141210,-0.001087,0.003018,0.161117
1878603104524047239!,talented-zippy-butterfly,1.710000,0.511191,2.051785,0.923852,1.140901,0.989712,0.143072,0.900774,-0.333402,3.767609,0.965369,-0.102625,0.709919,0.144908,-0.000745,0.005522,0.168421
1878603104524047239!,talented-zippy-butterfly,1.720000,0.520011,2.048460,0.961050,1.150972,0.988481,0.151348,0.863864,-0.334987,3.672688,1.045308,-0.144013,0.940573,0.147892,-0.000452,0.008069,0.175111
1878603104524047239!,talented-zippy-butterfly,1.730000,0.528415,2.045209,0.997195,1.161894,0.986799,0.161948,0.818535,-0.322050,3.558892,1.132271,-0.192223,1.171270,0.150009,-0.000209,0.010590,0.180916
1878603104524047239!,talented-zippy-butterfly,1.740000,0.536317,2.042183,1.032100,1.173736,0.984592,0.174865,0.764786,-0.294839,3.426812,1.224870,-0.248584,1.399675,0.151122,-0.000021,0.013011,0.185573
1878603104524047239!,talented-zippy-butterfly,1.750000,0.543632,2.039527,1.065581,1.186550,0.981771,0.190068,0.702798,-0.254278,3.277478,1.321208,-0.314266,1.623295,0.151118,0.000110,0.015253,0.188844
1878603104524047239!,talented-zippy-butterfly,1.760000,0.550278,2.037376,1.097470,1.200369,0.978234,0.207503,0.632969,-0.201958,3.112334,1.418925,-0.390206,1.839553,0.149919,0.000178,0.017240,0.190535
1878603104524047239!,talented-zippy-butterfly,1.770000,0.556178,2.035849,1.127612,1.215201,0.973874,0.227089,0.555926,-0.140066,2.933192,1.515273,-0.477057,2.045867,0.147489,0.000177,0.018905,0.190511
1878603104524047239!,talented-zippy-butterfly,1.780000,0.561266,2.035040,1.155873,1.231024,0.968575,0.248720,0.472515,-0.071275,2.742149,1.607225,-0.575143,2.239740,0.143838,0.000101,0.020197,0.188715
1878603104524047239!,talented-zippy-butterfly,1.790000,0.565482,2.035020,1.182139,1.247788,0.962221,0.272270,0.383773,0.001411,2.541493,1.691603,-0.684436,2.418847,0.139026,-0.000056,0.021081,0.185168
1878603104524047239!,talented-zippy-butterfly,1.800000,0.568783,2.035832,1.206319,1.265412,0.954695,0.297587,0.290884,0.074846,2.333596,1.765227,-0.804556,2.581113,0.133155,-0.000297,0.021544,0.179971
1878603104524047239!,talented-zippy-butterfly,1.810000,0.571138,2.037494,1.228345,1.283784,0.945884,0.324506,0.195114,0.145923,2.120798,1.825051,-0.934792,2.724775,0.126364,-0.000629,0.021595,0.173299
1878603104524047239!,talented-zippy-butterfly,1.820000,0.572545,2.039881,1.248220,1.302682,0.935711,0.352768,0.097503,0.211950,1.904949,1.868555,-1.073923,2.848565,0.118819,-0.001062,0.021263,0.165403
1878603104524047239!,talented-zippy-butterfly,1.830000,0.573001,2.042903,1.265940,1.321907,0.924101,0.382148,-0.000712,0.270543,1.687988,1.893527,-1.220556,2.951516,0.110700,-0.001600,0.020595,0.156559
1878603104524047239!,talented-zippy-butterfly,1.840000,0.572512,2.046436,1.281519,1.341235,0.910998,0.412412,-0.098357,0.319820,1.471618,1.898268,-1.373075,3.033058,0.102191,-0.002244,0.019648,0.147062
1878603104524047239!,talented-zippy-butterfly,1.850000,0.571087,2.050355,1.294981,1.360444,0.896359,0.443329,-0.194304,0.358411,1.257348,1.881567,-1.529751,3.092974,0.093470,-0.002993,0.018489,0.137209
1878603104524047239!,talented-zippy-butterfly,1.860000,0.568749,2.054566,1.306348,1.379327,0.880149,0.474697,-0.287510,0.385460,1.046480,1.842647,-1.688848,3.131342,0.084697,-0.003842,0.017184,0.127267
1878603104524047239!,talented-zippy-butterfly,1.870000,0.565515,2.058896,1.315672,1.397636,0.862369,0.506279,-0.377095,0.400710,0.839974,1.781396,-1.848493,3.148625,0.076012,-0.004787,0.015803,0.117494
1878603104524047239!,talented-zippy-butterfly,1.880000,0.561412,2.063222,1.322998,1.415157,0.843025,0.537874,-0.462267,0.404399,0.638604,1.698108,-2.006922,3.145507,0.067523,-0.005820,0.014409,0.108090
1878603104524047239!,talented-zippy-butterfly,1.890000,0.556480,2.067452,1.328367,1.431692,0.822132,0.569297,-0.542381,0.397210,0.442905,1.593464,-2.162449,3.122834,0.059301,-0.006933,0.013053,0.099199
1878603104524047239!,talented-zippy-butterfly,1.900000,0.550766,2.071500,1.331829,1.447048,0.799722,0.600371,-0.616901,0.380207,0.253218,1.468551,-2.313433,3.081600,0.051383,-0.008118,0.011781,0.090914
1878603104524047239!,talented-zippy-butterfly,1.910000,0.544324,2.075290,1.333436,1.461040,0.775844,0.630925,-0.685338,0.354765,0.069761,1.324823,-2.458274,3.022919,0.043779,-0.009363,0.010629,0.083283
1878603104524047239!,talented-zippy-butterfly,1.920000,0.537218,2.078755,1.333248,1.473497,0.750563,0.660799,-0.747192,0.322500,-0.107306,1.164072,-2.595435,2.948001,0.036475,-0.010658,0.009627,0.076316
1878603104524047239!,talented-zippy-butterfly,1.930000,0.529515,2.081847,1.331324,1.484266,0.723960,0.689841,-0.801912,0.285201,-0.277829,0.988392,-2.723450,2.858149,0.029445,-0.011987,0.008799,0.069989
1878603104524047239!,talented-zippy-butterfly,1.940000,0.521291,2.084530,1.327729,1.493211,0.696133,0.717913,-0.848859,0.244764,-0.441622,0.800151,-2.840946,2.754757,0.022650,-0.013332,0.008162,0.064254
1878603104524047239!,talented-zippy-butterfly,1.950000,0.512628,2.086789,1.322529,1.500222,0.667190,0.744887,-0.887304,0.203129,-0.598451,0.601962,-2.946679,2.639318,0.016055,-0.014670,0.007732,0.059049
1878603104524047239!,talented-zippy-butterfly,1.960000,0.503618,2.088625,1.315796,1.505215,0.637254,0.770654,-0.916428,0.162218,-0.748034,0.396644,-3.039571,2.513423,0.009630,-0.015977,0.007517,0.054306
1878603104524047239!,talented-zippy-butterfly,1.970000,0.494361,2.090058,1.307603,1.508134,0.606457,0.795116,-0.935366,0.123869,-0.890065,0.187176,-3.118755,2.378761,0.003362,-0.017221,0.007524,0.049958
1878603104524047239!,talented-zippy-butterfly,1.980000,0.484964,2.091125,1.298028,1.508951,0.574939,0.818196,-0.943244,0.089762,-1.024241,-0.023357,-3.183625,2.237106,-0.002746,-0.018370,0.007753,0.045948
1878603104524047239!,talented-zippy-butterfly,1.990000,0.475547,2.091880,1.287151,1.507672,0.542846,0.839832,-0.939256,0.061358,-1.150305,-0.231839,-3.233873,2.090291,-0.008660,-0.019391,0.008198,0.042234
1878603104524047239!,talented-zippy-butterfly,2.000000,0.466235,2.092388,1.275055,1.504332,0.510323,0.859983,-0.922731,0.039815,-1.268088,-0.435194,-3.269539,1.940181,,,,
